"Graph.Name","Captive","Interaction_type","Data_collection","Species","Data_duration_days","Class","target","Predicted_classes"
"aves-barn-swallow-contact-network","No","Physical_contact","logger","Hirundo_rustica",11,"Aves","aves-barn-swallow-contact-network","Scale-Free"
"aves-barn-swallow-non-physical","No","Physical_contact","logger","Hirundo_rustica",11,"Aves","aves-barn-swallow-non-physical","Geometric Graphs"
"aves-geese-female-foraging","Yes","Foraging","survey_scan","Branta_leucopsis",15,"Aves","aves-geese-female-foraging","Small-World"
"aves-geese-male-foraging","Yes","Foraging","survey_scan","Branta_leucopsis",15,"Aves","aves-geese-male-foraging","Small-World"
"aves-hens-pecking-order","Yes","Dominance","direct_observation","Gallus_gallus",11,"Aves","aves-hens-pecking-order","Small-World"
"aves-songbird-social","No","Social_projection_bipartite","RFID","Haemorhous_mexicanus",137,"Aves","aves-songbird-social","Scale-Free"
"aves-sparrow-social-2009","No","Group_membership","survey_scan","Zonotrichia_atricapilla",90,"Aves","aves-sparrow-social-2009","Geometric Graphs"
"aves-sparrow-social-2010","No","Group_membership","survey_scan","Zonotrichia_atricapilla",90,"Aves","aves-sparrow-social-2010","Geometric Graphs"
"aves-sparrow-social","No","Group_membership","survey_scan","Zonotrichia_atricapilla",90,"Aves","aves-sparrow-social","Scale-Free"
"aves-sparrowlyon-flock-season2","No","Group_membership","survey_scan","Zonotrichia_atricapilla",120,"Aves","aves-sparrowlyon-flock-season2","Scale-Free"
"aves-sparrowlyon-flock-season3","No","Group_membership","survey_scan","Zonotrichia_atricapilla",120,"Aves","aves-sparrowlyon-flock-season3","Geometric Graphs"
"aves-thornbill-farine","No","Group_membership","survey_scan","Acanthiza_sp",60,"Aves","aves-thornbill-farine","Geometric Graphs"
"aves-weaver-social-00","No","Social_projection_bipartite","mark_recapture","Philetairus_socius",300,"Aves","aves-weaver-social-00","Geometric Graphs"
"aves-weaver-social-03","No","Social_projection_bipartite","mark_recapture","Philetairus_socius",300,"Aves","aves-weaver-social-03","Geometric Graphs"
"aves-weaver-social-05","No","Social_projection_bipartite","mark_recapture","Philetairus_socius",300,"Aves","aves-weaver-social-05","Geometric Graphs"
"aves-weaver-social-06","No","Social_projection_bipartite","mark_recapture","Philetairus_socius",300,"Aves","aves-weaver-social-06","Geometric Graphs"
"aves-weaver-social-08","No","Social_projection_bipartite","mark_recapture","Philetairus_socius",300,"Aves","aves-weaver-social-08","Scale-Free"
"aves-weaver-social-09","No","Social_projection_bipartite","mark_recapture","Philetairus_socius",300,"Aves","aves-weaver-social-09","Geometric Graphs"
"aves-weaver-social-10","No","Social_projection_bipartite","mark_recapture","Philetairus_socius",300,"Aves","aves-weaver-social-10","Scale-Free"
"aves-weaver-social-11","No","Social_projection_bipartite","mark_recapture","Philetairus_socius",300,"Aves","aves-weaver-social-11","Scale-Free"
"aves-weaver-social-12","No","Social_projection_bipartite","mark_recapture","Philetairus_socius",300,"Aves","aves-weaver-social-12","Geometric Graphs"
"aves-weaver-social-13","No","Social_projection_bipartite","mark_recapture","Philetairus_socius",300,"Aves","aves-weaver-social-13","Geometric Graphs"
"aves-weaver-social-14","No","Social_projection_bipartite","mark_recapture","Philetairus_socius",300,"Aves","aves-weaver-social-14","Geometric Graphs"
"aves-weaver-social-16","No","Social_projection_bipartite","mark_recapture","Philetairus_socius",300,"Aves","aves-weaver-social-16","Scale-Free"
"aves-weaver-social-19","No","Social_projection_bipartite","mark_recapture","Philetairus_socius",300,"Aves","aves-weaver-social-19","Scale-Free"
"aves-weaver-social-20","No","Social_projection_bipartite","mark_recapture","Philetairus_socius",300,"Aves","aves-weaver-social-20","Geometric Graphs"
"aves-weaver-social-21","No","Social_projection_bipartite","mark_recapture","Philetairus_socius",300,"Aves","aves-weaver-social-21","Geometric Graphs"
"aves-weaver-social-22","No","Social_projection_bipartite","mark_recapture","Philetairus_socius",300,"Aves","aves-weaver-social-22","Scale-Free"
"aves-weaver-social","No","Social_projection_bipartite","mark_recapture","Philetairus_socius",300,"Aves","aves-weaver-social","Scale-Free"
"aves-wildbird-network-1","No","Social_projection_bipartite","RFID",NA,6,"Aves","aves-wildbird-network-1","Geometric Graphs"
"aves-wildbird-network-2","No","Social_projection_bipartite","RFID",NA,6,"Aves","aves-wildbird-network-2","Scale-Free"
"aves-wildbird-network-3","No","Social_projection_bipartite","RFID",NA,6,"Aves","aves-wildbird-network-3","Geometric Graphs"
"aves-wildbird-network-4","No","Social_projection_bipartite","RFID",NA,6,"Aves","aves-wildbird-network-4","Geometric Graphs"
"aves-wildbird-network-5","No","Social_projection_bipartite","RFID",NA,6,"Aves","aves-wildbird-network-5","Geometric Graphs"
"aves-wildbird-network-6","No","Social_projection_bipartite","RFID",NA,6,"Aves","aves-wildbird-network-6","Geometric Graphs"
"aves-wildbird-network","No","Social_projection_bipartite","RFID",NA,6,"Aves","aves-wildbird-network","Geometric Graphs"
"Badger-Autumn1.csv ","No","Spatial_proximity","RFID","Meles_meles",90,"Mammalia","Badger-Autumn1.csv ","Geometric Graphs"
"Badger-Autumn2.csv ","No","Spatial_proximity","RFID","Meles_meles",90,"Mammalia","Badger-Autumn2.csv ","Geometric Graphs"
"Badger-Autumn3.csv ","No","Spatial_proximity","RFID","Meles_meles",90,"Mammalia","Badger-Autumn3.csv ","Geometric Graphs"
"Badger-Autumn4.csv ","No","Spatial_proximity","RFID","Meles_meles",90,"Mammalia","Badger-Autumn4.csv ","Geometric Graphs"
"Badger-Spring1.csv ","No","Spatial_proximity","RFID","Meles_meles",90,"Mammalia","Badger-Spring1.csv ","Geometric Graphs"
"Badger-Spring2.csv ","No","Spatial_proximity","RFID","Meles_meles",90,"Mammalia","Badger-Spring2.csv ","Geometric Graphs"
"Badger-Spring3.csv ","No","Spatial_proximity","RFID","Meles_meles",90,"Mammalia","Badger-Spring3.csv ","Geometric Graphs"
"Badger-Summer1.csv ","No","Spatial_proximity","RFID","Meles_meles",90,"Mammalia","Badger-Summer1.csv ","Geometric Graphs"
"Badger-Summer2.csv ","No","Spatial_proximity","RFID","Meles_meles",90,"Mammalia","Badger-Summer2.csv ","Geometric Graphs"
"Badger-Summer3.csv ","No","Spatial_proximity","RFID","Meles_meles",90,"Mammalia","Badger-Summer3.csv ","Geometric Graphs"
"Badger-Summer4.csv ","No","Spatial_proximity","RFID","Meles_meles",90,"Mammalia","Badger-Summer4.csv ","Geometric Graphs"
"Badger-Winter2.csv ","No","Spatial_proximity","RFID","Meles_meles",90,"Mammalia","Badger-Winter2.csv ","Geometric Graphs"
"Badger-Winter3.csv ","No","Spatial_proximity","RFID","Meles_meles",90,"Mammalia","Badger-Winter3.csv ","Geometric Graphs"
"Badger-Winter4.csv ","No","Spatial_proximity","RFID","Meles_meles",90,"Mammalia","Badger-Winter4.csv ","Geometric Graphs"
"Chimp--AugSRI-G-Matrix.csv ","No","Spatial_proximity","focal_sampling","Pan_troglodytes",30,"Mammalia","Chimp--AugSRI-G-Matrix.csv ","Geometric Graphs"
"Chimp--DecSRI-G-Matrix.csv ","No","Spatial_proximity","focal_sampling","Pan_troglodytes",30,"Mammalia","Chimp--DecSRI-G-Matrix.csv ","Geometric Graphs"
"Chimp--JunSRI-G-Matrix.csv ","No","Spatial_proximity","focal_sampling","Pan_troglodytes",30,"Mammalia","Chimp--JunSRI-G-Matrix.csv ","Geometric Graphs"
"Chimp-Apr-Prob5-MatrixNoNAs.csv ","No","Spatial_proximity","focal_sampling","Pan_troglodytes",30,"Mammalia","Chimp-Apr-Prob5-MatrixNoNAs.csv ","Scale-Free"
"Chimp-AprSRI-G-Matrix.csv ","No","Spatial_proximity","focal_sampling","Pan_troglodytes",30,"Mammalia","Chimp-AprSRI-G-Matrix.csv ","Geometric Graphs"
"Chimp-Aug-Prob5-MatrixNoNAs.csv ","No","Spatial_proximity","focal_sampling","Pan_troglodytes",30,"Mammalia","Chimp-Aug-Prob5-MatrixNoNAs.csv ","Scale-Free"
"Chimp-Dec-Prob5-MatrixNoNAs.csv ","No","Spatial_proximity","focal_sampling","Pan_troglodytes",30,"Mammalia","Chimp-Dec-Prob5-MatrixNoNAs.csv ","Geometric Graphs"
"Chimp-Feb-Prob5-MatrixNoNAs.csv ","No","Spatial_proximity","focal_sampling","Pan_troglodytes",30,"Mammalia","Chimp-Feb-Prob5-MatrixNoNAs.csv ","Geometric Graphs"
"Chimp-FebSRI-G-Matrix.csv ","No","Spatial_proximity","focal_sampling","Pan_troglodytes",30,"Mammalia","Chimp-FebSRI-G-Matrix.csv ","Geometric Graphs"
"Chimp-Jan-Prob5-MatrixNoNAs.csv ","No","Spatial_proximity","focal_sampling","Pan_troglodytes",30,"Mammalia","Chimp-Jan-Prob5-MatrixNoNAs.csv ","Geometric Graphs"
"Chimp-JanSRI-G-Matrix.csv ","No","Spatial_proximity","focal_sampling","Pan_troglodytes",30,"Mammalia","Chimp-JanSRI-G-Matrix.csv ","Geometric Graphs"
"Chimp-Jul-Prob5-MatrixNoNAs.csv ","No","Spatial_proximity","focal_sampling","Pan_troglodytes",30,"Mammalia","Chimp-Jul-Prob5-MatrixNoNAs.csv ","Geometric Graphs"
"Chimp-JulSRI-G-Matrix.csv ","No","Spatial_proximity","focal_sampling","Pan_troglodytes",30,"Mammalia","Chimp-JulSRI-G-Matrix.csv ","Geometric Graphs"
"Chimp-Jun-Prob5-MatrixNoNAs.csv ","No","Spatial_proximity","focal_sampling","Pan_troglodytes",30,"Mammalia","Chimp-Jun-Prob5-MatrixNoNAs.csv ","Geometric Graphs"
"Chimp-Mar-Prob5-MatrixNoNAs.csv ","No","Spatial_proximity","focal_sampling","Pan_troglodytes",30,"Mammalia","Chimp-Mar-Prob5-MatrixNoNAs.csv ","Geometric Graphs"
"Chimp-MarSRI-G-Matrix.csv ","No","Spatial_proximity","focal_sampling","Pan_troglodytes",30,"Mammalia","Chimp-MarSRI-G-Matrix.csv ","Geometric Graphs"
"Chimp-May-Prob5-MatrixNoNAs.csv ","No","Spatial_proximity","focal_sampling","Pan_troglodytes",30,"Mammalia","Chimp-May-Prob5-MatrixNoNAs.csv ","Geometric Graphs"
"Chimp-MaySRI-G-Matrix.csv ","No","Spatial_proximity","focal_sampling","Pan_troglodytes",30,"Mammalia","Chimp-MaySRI-G-Matrix.csv ","Geometric Graphs"
"Domestic-Ddog-matrix1.csv ","No","Spatial_proximity","RFID","Canis_familiaris",12,"Mammalia","Domestic-Ddog-matrix1.csv ","Geometric Graphs"
"Domestic-Ddog-matrix2.csv ","No","Spatial_proximity","RFID","Canis_familiaris",12,"Mammalia","Domestic-Ddog-matrix2.csv ","Geometric Graphs"
"Giraffe-edgelist-matriz.csv ","No","Group_membership","survey_scan","Giraffa_camelopardalis",180,"Mammalia","Giraffe-edgelist-matriz.csv ","Geometric Graphs"
"insecta-ant-colony1-day01","Yes","Physical_contact","video","Camponotus_fellah",1,"Insecta","insecta-ant-colony1-day01","Geometric Graphs"
"insecta-ant-colony1-day02","Yes","Physical_contact","video","Camponotus_fellah",1,"Insecta","insecta-ant-colony1-day02","Geometric Graphs"
"insecta-ant-colony1-day03","Yes","Physical_contact","video","Camponotus_fellah",1,"Insecta","insecta-ant-colony1-day03","Geometric Graphs"
"insecta-ant-colony1-day04","Yes","Physical_contact","video","Camponotus_fellah",1,"Insecta","insecta-ant-colony1-day04","Geometric Graphs"
"insecta-ant-colony1-day05","Yes","Physical_contact","video","Camponotus_fellah",1,"Insecta","insecta-ant-colony1-day05","Geometric Graphs"
"insecta-ant-colony1-day06","Yes","Physical_contact","video","Camponotus_fellah",1,"Insecta","insecta-ant-colony1-day06","Geometric Graphs"
"insecta-ant-colony1-day07","Yes","Physical_contact","video","Camponotus_fellah",1,"Insecta","insecta-ant-colony1-day07","Geometric Graphs"
"insecta-ant-colony1-day08","Yes","Physical_contact","video","Camponotus_fellah",1,"Insecta","insecta-ant-colony1-day08","Geometric Graphs"
"insecta-ant-colony1-day09","Yes","Physical_contact","video","Camponotus_fellah",1,"Insecta","insecta-ant-colony1-day09","Geometric Graphs"
"insecta-ant-colony1-day10","Yes","Physical_contact","video","Camponotus_fellah",1,"Insecta","insecta-ant-colony1-day10","Geometric Graphs"
"insecta-ant-colony1-day11","Yes","Physical_contact","video","Camponotus_fellah",1,"Insecta","insecta-ant-colony1-day11","Geometric Graphs"
"insecta-ant-colony1-day12","Yes","Physical_contact","video","Camponotus_fellah",1,"Insecta","insecta-ant-colony1-day12","Geometric Graphs"
"insecta-ant-colony1-day13","Yes","Physical_contact","video","Camponotus_fellah",1,"Insecta","insecta-ant-colony1-day13","Geometric Graphs"
"insecta-ant-colony1-day14","Yes","Physical_contact","video","Camponotus_fellah",1,"Insecta","insecta-ant-colony1-day14","Geometric Graphs"
"insecta-ant-colony1-day15","Yes","Physical_contact","video","Camponotus_fellah",1,"Insecta","insecta-ant-colony1-day15","Geometric Graphs"
"insecta-ant-colony1-day16","Yes","Physical_contact","video","Camponotus_fellah",1,"Insecta","insecta-ant-colony1-day16","Geometric Graphs"
"insecta-ant-colony1-day17","Yes","Physical_contact","video","Camponotus_fellah",1,"Insecta","insecta-ant-colony1-day17","Geometric Graphs"
"insecta-ant-colony1-day18","Yes","Physical_contact","video","Camponotus_fellah",1,"Insecta","insecta-ant-colony1-day18","Geometric Graphs"
"insecta-ant-colony1-day19","Yes","Physical_contact","video","Camponotus_fellah",1,"Insecta","insecta-ant-colony1-day19","Geometric Graphs"
"insecta-ant-colony1-day20","Yes","Physical_contact","video","Camponotus_fellah",1,"Insecta","insecta-ant-colony1-day20","Geometric Graphs"
"insecta-ant-colony1-day21","Yes","Physical_contact","video","Camponotus_fellah",1,"Insecta","insecta-ant-colony1-day21","Geometric Graphs"
"insecta-ant-colony1-day22","Yes","Physical_contact","video","Camponotus_fellah",1,"Insecta","insecta-ant-colony1-day22","Geometric Graphs"
"insecta-ant-colony1-day23","Yes","Physical_contact","video","Camponotus_fellah",1,"Insecta","insecta-ant-colony1-day23","Geometric Graphs"
"insecta-ant-colony1-day24","Yes","Physical_contact","video","Camponotus_fellah",1,"Insecta","insecta-ant-colony1-day24","Geometric Graphs"
"insecta-ant-colony1-day25","Yes","Physical_contact","video","Camponotus_fellah",1,"Insecta","insecta-ant-colony1-day25","Geometric Graphs"
"insecta-ant-colony1-day26","Yes","Physical_contact","video","Camponotus_fellah",1,"Insecta","insecta-ant-colony1-day26","Geometric Graphs"
"insecta-ant-colony1-day27","Yes","Physical_contact","video","Camponotus_fellah",1,"Insecta","insecta-ant-colony1-day27","Geometric Graphs"
"insecta-ant-colony1-day28","Yes","Physical_contact","video","Camponotus_fellah",1,"Insecta","insecta-ant-colony1-day28","Geometric Graphs"
"insecta-ant-colony1-day29","Yes","Physical_contact","video","Camponotus_fellah",1,"Insecta","insecta-ant-colony1-day29","Geometric Graphs"
"insecta-ant-colony1-day30","Yes","Physical_contact","video","Camponotus_fellah",1,"Insecta","insecta-ant-colony1-day30","Geometric Graphs"
"insecta-ant-colony1-day31","Yes","Physical_contact","video","Camponotus_fellah",1,"Insecta","insecta-ant-colony1-day31","Geometric Graphs"
"insecta-ant-colony1-day32","Yes","Physical_contact","video","Camponotus_fellah",1,"Insecta","insecta-ant-colony1-day32","Geometric Graphs"
"insecta-ant-colony1-day33","Yes","Physical_contact","video","Camponotus_fellah",1,"Insecta","insecta-ant-colony1-day33","Geometric Graphs"
"insecta-ant-colony1-day34","Yes","Physical_contact","video","Camponotus_fellah",1,"Insecta","insecta-ant-colony1-day34","Geometric Graphs"
"insecta-ant-colony1-day35","Yes","Physical_contact","video","Camponotus_fellah",1,"Insecta","insecta-ant-colony1-day35","Geometric Graphs"
"insecta-ant-colony1-day36","Yes","Physical_contact","video","Camponotus_fellah",1,"Insecta","insecta-ant-colony1-day36","Geometric Graphs"
"insecta-ant-colony1-day37","Yes","Physical_contact","video","Camponotus_fellah",1,"Insecta","insecta-ant-colony1-day37","Geometric Graphs"
"insecta-ant-colony1-day38","Yes","Physical_contact","video","Camponotus_fellah",1,"Insecta","insecta-ant-colony1-day38","Geometric Graphs"
"insecta-ant-colony1-day39","Yes","Physical_contact","video","Camponotus_fellah",1,"Insecta","insecta-ant-colony1-day39","Geometric Graphs"
"insecta-ant-colony1-day40","Yes","Physical_contact","video","Camponotus_fellah",1,"Insecta","insecta-ant-colony1-day40","Geometric Graphs"
"insecta-ant-colony1-day41","Yes","Physical_contact","video","Camponotus_fellah",1,"Insecta","insecta-ant-colony1-day41","Geometric Graphs"
"insecta-ant-colony1","Yes","Physical_contact","video","Camponotus_fellah",41,"Insecta","insecta-ant-colony1","Geometric Graphs"
"insecta-ant-colony2-day01","Yes","Physical_contact","video","Camponotus_fellah",1,"Insecta","insecta-ant-colony2-day01","Geometric Graphs"
"insecta-ant-colony2-day02","Yes","Physical_contact","video","Camponotus_fellah",1,"Insecta","insecta-ant-colony2-day02","Geometric Graphs"
"insecta-ant-colony2-day03","Yes","Physical_contact","video","Camponotus_fellah",1,"Insecta","insecta-ant-colony2-day03","Geometric Graphs"
"insecta-ant-colony2-day04","Yes","Physical_contact","video","Camponotus_fellah",1,"Insecta","insecta-ant-colony2-day04","Geometric Graphs"
"insecta-ant-colony2-day05","Yes","Physical_contact","video","Camponotus_fellah",1,"Insecta","insecta-ant-colony2-day05","Geometric Graphs"
"insecta-ant-colony2-day06","Yes","Physical_contact","video","Camponotus_fellah",1,"Insecta","insecta-ant-colony2-day06","Geometric Graphs"
"insecta-ant-colony2-day07","Yes","Physical_contact","video","Camponotus_fellah",1,"Insecta","insecta-ant-colony2-day07","Geometric Graphs"
"insecta-ant-colony2-day08","Yes","Physical_contact","video","Camponotus_fellah",1,"Insecta","insecta-ant-colony2-day08","Geometric Graphs"
"insecta-ant-colony2-day09","Yes","Physical_contact","video","Camponotus_fellah",1,"Insecta","insecta-ant-colony2-day09","Geometric Graphs"
"insecta-ant-colony2-day10","Yes","Physical_contact","video","Camponotus_fellah",1,"Insecta","insecta-ant-colony2-day10","Geometric Graphs"
"insecta-ant-colony2-day11","Yes","Physical_contact","video","Camponotus_fellah",1,"Insecta","insecta-ant-colony2-day11","Geometric Graphs"
"insecta-ant-colony2-day12","Yes","Physical_contact","video","Camponotus_fellah",1,"Insecta","insecta-ant-colony2-day12","Geometric Graphs"
"insecta-ant-colony2-day13","Yes","Physical_contact","video","Camponotus_fellah",1,"Insecta","insecta-ant-colony2-day13","Geometric Graphs"
"insecta-ant-colony2-day14","Yes","Physical_contact","video","Camponotus_fellah",1,"Insecta","insecta-ant-colony2-day14","Geometric Graphs"
"insecta-ant-colony2-day15","Yes","Physical_contact","video","Camponotus_fellah",1,"Insecta","insecta-ant-colony2-day15","Geometric Graphs"
"insecta-ant-colony2-day16","Yes","Physical_contact","video","Camponotus_fellah",1,"Insecta","insecta-ant-colony2-day16","Geometric Graphs"
"insecta-ant-colony2-day17","Yes","Physical_contact","video","Camponotus_fellah",1,"Insecta","insecta-ant-colony2-day17","Geometric Graphs"
"insecta-ant-colony2-day18","Yes","Physical_contact","video","Camponotus_fellah",1,"Insecta","insecta-ant-colony2-day18","Geometric Graphs"
"insecta-ant-colony2-day19","Yes","Physical_contact","video","Camponotus_fellah",1,"Insecta","insecta-ant-colony2-day19","Geometric Graphs"
"insecta-ant-colony2-day20","Yes","Physical_contact","video","Camponotus_fellah",1,"Insecta","insecta-ant-colony2-day20","Geometric Graphs"
"insecta-ant-colony2-day21","Yes","Physical_contact","video","Camponotus_fellah",1,"Insecta","insecta-ant-colony2-day21","Geometric Graphs"
"insecta-ant-colony2-day22","Yes","Physical_contact","video","Camponotus_fellah",1,"Insecta","insecta-ant-colony2-day22","Geometric Graphs"
"insecta-ant-colony2-day23","Yes","Physical_contact","video","Camponotus_fellah",1,"Insecta","insecta-ant-colony2-day23","Geometric Graphs"
"insecta-ant-colony2-day24","Yes","Physical_contact","video","Camponotus_fellah",1,"Insecta","insecta-ant-colony2-day24","Geometric Graphs"
"insecta-ant-colony2-day25","Yes","Physical_contact","video","Camponotus_fellah",1,"Insecta","insecta-ant-colony2-day25","Geometric Graphs"
"insecta-ant-colony2-day26","Yes","Physical_contact","video","Camponotus_fellah",1,"Insecta","insecta-ant-colony2-day26","Geometric Graphs"
"insecta-ant-colony2-day27","Yes","Physical_contact","video","Camponotus_fellah",1,"Insecta","insecta-ant-colony2-day27","Geometric Graphs"
"insecta-ant-colony2-day28","Yes","Physical_contact","video","Camponotus_fellah",1,"Insecta","insecta-ant-colony2-day28","Geometric Graphs"
"insecta-ant-colony2-day29","Yes","Physical_contact","video","Camponotus_fellah",1,"Insecta","insecta-ant-colony2-day29","Geometric Graphs"
"insecta-ant-colony2-day30","Yes","Physical_contact","video","Camponotus_fellah",1,"Insecta","insecta-ant-colony2-day30","Geometric Graphs"
"insecta-ant-colony2-day31","Yes","Physical_contact","video","Camponotus_fellah",1,"Insecta","insecta-ant-colony2-day31","Geometric Graphs"
"insecta-ant-colony2-day32","Yes","Physical_contact","video","Camponotus_fellah",1,"Insecta","insecta-ant-colony2-day32","Geometric Graphs"
"insecta-ant-colony2-day33","Yes","Physical_contact","video","Camponotus_fellah",1,"Insecta","insecta-ant-colony2-day33","Geometric Graphs"
"insecta-ant-colony2-day34","Yes","Physical_contact","video","Camponotus_fellah",1,"Insecta","insecta-ant-colony2-day34","Geometric Graphs"
"insecta-ant-colony2-day35","Yes","Physical_contact","video","Camponotus_fellah",1,"Insecta","insecta-ant-colony2-day35","Geometric Graphs"
"insecta-ant-colony2-day36","Yes","Physical_contact","video","Camponotus_fellah",1,"Insecta","insecta-ant-colony2-day36","Geometric Graphs"
"insecta-ant-colony2-day37","Yes","Physical_contact","video","Camponotus_fellah",1,"Insecta","insecta-ant-colony2-day37","Geometric Graphs"
"insecta-ant-colony2-day38","Yes","Physical_contact","video","Camponotus_fellah",1,"Insecta","insecta-ant-colony2-day38","Geometric Graphs"
"insecta-ant-colony2-day39","Yes","Physical_contact","video","Camponotus_fellah",1,"Insecta","insecta-ant-colony2-day39","Geometric Graphs"
"insecta-ant-colony2-day40","Yes","Physical_contact","video","Camponotus_fellah",1,"Insecta","insecta-ant-colony2-day40","Geometric Graphs"
"insecta-ant-colony2-day41","Yes","Physical_contact","video","Camponotus_fellah",1,"Insecta","insecta-ant-colony2-day41","Geometric Graphs"
"insecta-ant-colony2","Yes","Physical_contact","video","Camponotus_fellah",41,"Insecta","insecta-ant-colony2","Erdos-Renyi"
"insecta-ant-colony3-day01","Yes","Physical_contact","video","Camponotus_fellah",1,"Insecta","insecta-ant-colony3-day01","Erdos-Renyi"
"insecta-ant-colony3-day02","Yes","Physical_contact","video","Camponotus_fellah",1,"Insecta","insecta-ant-colony3-day02","Geometric Graphs"
"insecta-ant-colony3-day03","Yes","Physical_contact","video","Camponotus_fellah",1,"Insecta","insecta-ant-colony3-day03","Geometric Graphs"
"insecta-ant-colony3-day04","Yes","Physical_contact","video","Camponotus_fellah",1,"Insecta","insecta-ant-colony3-day04","Geometric Graphs"
"insecta-ant-colony3-day05","Yes","Physical_contact","video","Camponotus_fellah",1,"Insecta","insecta-ant-colony3-day05","Geometric Graphs"
"insecta-ant-colony3-day06","Yes","Physical_contact","video","Camponotus_fellah",1,"Insecta","insecta-ant-colony3-day06","Geometric Graphs"
"insecta-ant-colony3-day07","Yes","Physical_contact","video","Camponotus_fellah",1,"Insecta","insecta-ant-colony3-day07","Geometric Graphs"
"insecta-ant-colony3-day08","Yes","Physical_contact","video","Camponotus_fellah",1,"Insecta","insecta-ant-colony3-day08","Geometric Graphs"
"insecta-ant-colony3-day09","Yes","Physical_contact","video","Camponotus_fellah",1,"Insecta","insecta-ant-colony3-day09","Geometric Graphs"
"insecta-ant-colony3-day10","Yes","Physical_contact","video","Camponotus_fellah",1,"Insecta","insecta-ant-colony3-day10","Geometric Graphs"
"insecta-ant-colony3-day11","Yes","Physical_contact","video","Camponotus_fellah",1,"Insecta","insecta-ant-colony3-day11","Geometric Graphs"
"insecta-ant-colony3-day12","Yes","Physical_contact","video","Camponotus_fellah",1,"Insecta","insecta-ant-colony3-day12","Geometric Graphs"
"insecta-ant-colony3-day13","Yes","Physical_contact","video","Camponotus_fellah",1,"Insecta","insecta-ant-colony3-day13","Geometric Graphs"
"insecta-ant-colony3-day14","Yes","Physical_contact","video","Camponotus_fellah",1,"Insecta","insecta-ant-colony3-day14","Geometric Graphs"
"insecta-ant-colony3-day15","Yes","Physical_contact","video","Camponotus_fellah",1,"Insecta","insecta-ant-colony3-day15","Geometric Graphs"
"insecta-ant-colony3-day16","Yes","Physical_contact","video","Camponotus_fellah",1,"Insecta","insecta-ant-colony3-day16","Geometric Graphs"
"insecta-ant-colony3-day17","Yes","Physical_contact","video","Camponotus_fellah",1,"Insecta","insecta-ant-colony3-day17","Geometric Graphs"
"insecta-ant-colony3-day18","Yes","Physical_contact","video","Camponotus_fellah",1,"Insecta","insecta-ant-colony3-day18","Geometric Graphs"
"insecta-ant-colony3-day19","Yes","Physical_contact","video","Camponotus_fellah",1,"Insecta","insecta-ant-colony3-day19","Geometric Graphs"
"insecta-ant-colony3-day20","Yes","Physical_contact","video","Camponotus_fellah",1,"Insecta","insecta-ant-colony3-day20","Geometric Graphs"
"insecta-ant-colony3-day21","Yes","Physical_contact","video","Camponotus_fellah",1,"Insecta","insecta-ant-colony3-day21","Geometric Graphs"
"insecta-ant-colony3-day22","Yes","Physical_contact","video","Camponotus_fellah",1,"Insecta","insecta-ant-colony3-day22","Geometric Graphs"
"insecta-ant-colony3-day23","Yes","Physical_contact","video","Camponotus_fellah",1,"Insecta","insecta-ant-colony3-day23","Geometric Graphs"
"insecta-ant-colony3-day24","Yes","Physical_contact","video","Camponotus_fellah",1,"Insecta","insecta-ant-colony3-day24","Geometric Graphs"
"insecta-ant-colony3-day25","Yes","Physical_contact","video","Camponotus_fellah",1,"Insecta","insecta-ant-colony3-day25","Geometric Graphs"
"insecta-ant-colony3-day26","Yes","Physical_contact","video","Camponotus_fellah",1,"Insecta","insecta-ant-colony3-day26","Geometric Graphs"
"insecta-ant-colony3-day27","Yes","Physical_contact","video","Camponotus_fellah",1,"Insecta","insecta-ant-colony3-day27","Geometric Graphs"
"insecta-ant-colony3-day28","Yes","Physical_contact","video","Camponotus_fellah",1,"Insecta","insecta-ant-colony3-day28","Geometric Graphs"
"insecta-ant-colony3-day29","Yes","Physical_contact","video","Camponotus_fellah",1,"Insecta","insecta-ant-colony3-day29","Geometric Graphs"
"insecta-ant-colony3-day30","Yes","Physical_contact","video","Camponotus_fellah",1,"Insecta","insecta-ant-colony3-day30","Geometric Graphs"
"insecta-ant-colony3-day31","Yes","Physical_contact","video","Camponotus_fellah",1,"Insecta","insecta-ant-colony3-day31","Geometric Graphs"
"insecta-ant-colony3-day32","Yes","Physical_contact","video","Camponotus_fellah",1,"Insecta","insecta-ant-colony3-day32","Geometric Graphs"
"insecta-ant-colony3-day33","Yes","Physical_contact","video","Camponotus_fellah",1,"Insecta","insecta-ant-colony3-day33","Geometric Graphs"
"insecta-ant-colony3-day34","Yes","Physical_contact","video","Camponotus_fellah",1,"Insecta","insecta-ant-colony3-day34","Geometric Graphs"
"insecta-ant-colony3-day35","Yes","Physical_contact","video","Camponotus_fellah",1,"Insecta","insecta-ant-colony3-day35","Geometric Graphs"
"insecta-ant-colony3-day36","Yes","Physical_contact","video","Camponotus_fellah",1,"Insecta","insecta-ant-colony3-day36","Geometric Graphs"
"insecta-ant-colony3-day37","Yes","Physical_contact","video","Camponotus_fellah",1,"Insecta","insecta-ant-colony3-day37","Geometric Graphs"
"insecta-ant-colony3-day38","Yes","Physical_contact","video","Camponotus_fellah",1,"Insecta","insecta-ant-colony3-day38","Geometric Graphs"
"insecta-ant-colony3-day39","Yes","Physical_contact","video","Camponotus_fellah",1,"Insecta","insecta-ant-colony3-day39","Geometric Graphs"
"insecta-ant-colony3-day40","Yes","Physical_contact","video","Camponotus_fellah",1,"Insecta","insecta-ant-colony3-day40","Geometric Graphs"
"insecta-ant-colony3-day41","Yes","Physical_contact","video","Camponotus_fellah",1,"Insecta","insecta-ant-colony3-day41","Geometric Graphs"
"insecta-ant-colony3","Yes","Physical_contact","video","Camponotus_fellah",41,"Insecta","insecta-ant-colony3","Erdos-Renyi"
"insecta-ant-colony4-day01","Yes","Physical_contact","video","Camponotus_fellah",1,"Insecta","insecta-ant-colony4-day01","Geometric Graphs"
"insecta-ant-colony4-day02","Yes","Physical_contact","video","Camponotus_fellah",1,"Insecta","insecta-ant-colony4-day02","Geometric Graphs"
"insecta-ant-colony4-day03","Yes","Physical_contact","video","Camponotus_fellah",1,"Insecta","insecta-ant-colony4-day03","Geometric Graphs"
"insecta-ant-colony4-day04","Yes","Physical_contact","video","Camponotus_fellah",1,"Insecta","insecta-ant-colony4-day04","Geometric Graphs"
"insecta-ant-colony4-day05","Yes","Physical_contact","video","Camponotus_fellah",1,"Insecta","insecta-ant-colony4-day05","Geometric Graphs"
"insecta-ant-colony4-day06","Yes","Physical_contact","video","Camponotus_fellah",1,"Insecta","insecta-ant-colony4-day06","Geometric Graphs"
"insecta-ant-colony4-day07","Yes","Physical_contact","video","Camponotus_fellah",1,"Insecta","insecta-ant-colony4-day07","Geometric Graphs"
"insecta-ant-colony4-day08","Yes","Physical_contact","video","Camponotus_fellah",1,"Insecta","insecta-ant-colony4-day08","Geometric Graphs"
"insecta-ant-colony4-day09","Yes","Physical_contact","video","Camponotus_fellah",1,"Insecta","insecta-ant-colony4-day09","Geometric Graphs"
"insecta-ant-colony4-day10","Yes","Physical_contact","video","Camponotus_fellah",1,"Insecta","insecta-ant-colony4-day10","Geometric Graphs"
"insecta-ant-colony4-day11","Yes","Physical_contact","video","Camponotus_fellah",1,"Insecta","insecta-ant-colony4-day11","Geometric Graphs"
"insecta-ant-colony4-day12","Yes","Physical_contact","video","Camponotus_fellah",1,"Insecta","insecta-ant-colony4-day12","Geometric Graphs"
"insecta-ant-colony4-day13","Yes","Physical_contact","video","Camponotus_fellah",1,"Insecta","insecta-ant-colony4-day13","Geometric Graphs"
"insecta-ant-colony4-day14","Yes","Physical_contact","video","Camponotus_fellah",1,"Insecta","insecta-ant-colony4-day14","Geometric Graphs"
"insecta-ant-colony4-day15","Yes","Physical_contact","video","Camponotus_fellah",1,"Insecta","insecta-ant-colony4-day15","Geometric Graphs"
"insecta-ant-colony4-day16","Yes","Physical_contact","video","Camponotus_fellah",1,"Insecta","insecta-ant-colony4-day16","Geometric Graphs"
"insecta-ant-colony4-day17","Yes","Physical_contact","video","Camponotus_fellah",1,"Insecta","insecta-ant-colony4-day17","Geometric Graphs"
"insecta-ant-colony4-day18","Yes","Physical_contact","video","Camponotus_fellah",1,"Insecta","insecta-ant-colony4-day18","Geometric Graphs"
"insecta-ant-colony4-day19","Yes","Physical_contact","video","Camponotus_fellah",1,"Insecta","insecta-ant-colony4-day19","Geometric Graphs"
"insecta-ant-colony4-day20","Yes","Physical_contact","video","Camponotus_fellah",1,"Insecta","insecta-ant-colony4-day20","Erdos-Renyi"
"insecta-ant-colony4-day21","Yes","Physical_contact","video","Camponotus_fellah",1,"Insecta","insecta-ant-colony4-day21","Geometric Graphs"
"insecta-ant-colony4-day22","Yes","Physical_contact","video","Camponotus_fellah",1,"Insecta","insecta-ant-colony4-day22","Geometric Graphs"
"insecta-ant-colony4-day23","Yes","Physical_contact","video","Camponotus_fellah",1,"Insecta","insecta-ant-colony4-day23","Scale-Free"
"insecta-ant-colony4-day24","Yes","Physical_contact","video","Camponotus_fellah",1,"Insecta","insecta-ant-colony4-day24","Scale-Free"
"insecta-ant-colony4-day25","Yes","Physical_contact","video","Camponotus_fellah",1,"Insecta","insecta-ant-colony4-day25","Scale-Free"
"insecta-ant-colony4-day26","Yes","Physical_contact","video","Camponotus_fellah",1,"Insecta","insecta-ant-colony4-day26","Geometric Graphs"
"insecta-ant-colony4-day27","Yes","Physical_contact","video","Camponotus_fellah",1,"Insecta","insecta-ant-colony4-day27","Scale-Free"
"insecta-ant-colony4-day28","Yes","Physical_contact","video","Camponotus_fellah",1,"Insecta","insecta-ant-colony4-day28","Geometric Graphs"
"insecta-ant-colony4-day29","Yes","Physical_contact","video","Camponotus_fellah",1,"Insecta","insecta-ant-colony4-day29","Geometric Graphs"
"insecta-ant-colony4-day30","Yes","Physical_contact","video","Camponotus_fellah",1,"Insecta","insecta-ant-colony4-day30","Scale-Free"
"insecta-ant-colony4-day31","Yes","Physical_contact","video","Camponotus_fellah",1,"Insecta","insecta-ant-colony4-day31","Scale-Free"
"insecta-ant-colony4-day32","Yes","Physical_contact","video","Camponotus_fellah",1,"Insecta","insecta-ant-colony4-day32","Geometric Graphs"
"insecta-ant-colony4-day33","Yes","Physical_contact","video","Camponotus_fellah",1,"Insecta","insecta-ant-colony4-day33","Geometric Graphs"
"insecta-ant-colony4-day34","Yes","Physical_contact","video","Camponotus_fellah",1,"Insecta","insecta-ant-colony4-day34","Geometric Graphs"
"insecta-ant-colony4-day35","Yes","Physical_contact","video","Camponotus_fellah",1,"Insecta","insecta-ant-colony4-day35","Scale-Free"
"insecta-ant-colony4-day36","Yes","Physical_contact","video","Camponotus_fellah",1,"Insecta","insecta-ant-colony4-day36","Geometric Graphs"
"insecta-ant-colony4-day37","Yes","Physical_contact","video","Camponotus_fellah",1,"Insecta","insecta-ant-colony4-day37","Geometric Graphs"
"insecta-ant-colony4-day38","Yes","Physical_contact","video","Camponotus_fellah",1,"Insecta","insecta-ant-colony4-day38","Geometric Graphs"
"insecta-ant-colony4-day39","Yes","Physical_contact","video","Camponotus_fellah",1,"Insecta","insecta-ant-colony4-day39","Geometric Graphs"
"insecta-ant-colony4-day40","Yes","Physical_contact","video","Camponotus_fellah",1,"Insecta","insecta-ant-colony4-day40","Geometric Graphs"
"insecta-ant-colony4-day41","Yes","Physical_contact","video","Camponotus_fellah",1,"Insecta","insecta-ant-colony4-day41","Geometric Graphs"
"insecta-ant-colony4","Yes","Physical_contact","video","Camponotus_fellah",41,"Insecta","insecta-ant-colony4","Erdos-Renyi"
"insecta-ant-colony5-day01","Yes","Physical_contact","video","Camponotus_fellah",1,"Insecta","insecta-ant-colony5-day01","Geometric Graphs"
"insecta-ant-colony5-day02","Yes","Physical_contact","video","Camponotus_fellah",1,"Insecta","insecta-ant-colony5-day02","Geometric Graphs"
"insecta-ant-colony5-day03","Yes","Physical_contact","video","Camponotus_fellah",1,"Insecta","insecta-ant-colony5-day03","Geometric Graphs"
"insecta-ant-colony5-day04","Yes","Physical_contact","video","Camponotus_fellah",1,"Insecta","insecta-ant-colony5-day04","Geometric Graphs"
"insecta-ant-colony5-day05","Yes","Physical_contact","video","Camponotus_fellah",1,"Insecta","insecta-ant-colony5-day05","Geometric Graphs"
"insecta-ant-colony5-day06","Yes","Physical_contact","video","Camponotus_fellah",1,"Insecta","insecta-ant-colony5-day06","Geometric Graphs"
"insecta-ant-colony5-day07","Yes","Physical_contact","video","Camponotus_fellah",1,"Insecta","insecta-ant-colony5-day07","Geometric Graphs"
"insecta-ant-colony5-day08","Yes","Physical_contact","video","Camponotus_fellah",1,"Insecta","insecta-ant-colony5-day08","Geometric Graphs"
"insecta-ant-colony5-day09","Yes","Physical_contact","video","Camponotus_fellah",1,"Insecta","insecta-ant-colony5-day09","Geometric Graphs"
"insecta-ant-colony5-day10","Yes","Physical_contact","video","Camponotus_fellah",1,"Insecta","insecta-ant-colony5-day10","Geometric Graphs"
"insecta-ant-colony5-day11","Yes","Physical_contact","video","Camponotus_fellah",1,"Insecta","insecta-ant-colony5-day11","Geometric Graphs"
"insecta-ant-colony5-day12","Yes","Physical_contact","video","Camponotus_fellah",1,"Insecta","insecta-ant-colony5-day12","Geometric Graphs"
"insecta-ant-colony5-day13","Yes","Physical_contact","video","Camponotus_fellah",1,"Insecta","insecta-ant-colony5-day13","Geometric Graphs"
"insecta-ant-colony5-day14","Yes","Physical_contact","video","Camponotus_fellah",1,"Insecta","insecta-ant-colony5-day14","Geometric Graphs"
"insecta-ant-colony5-day15","Yes","Physical_contact","video","Camponotus_fellah",1,"Insecta","insecta-ant-colony5-day15","Geometric Graphs"
"insecta-ant-colony5-day16","Yes","Physical_contact","video","Camponotus_fellah",1,"Insecta","insecta-ant-colony5-day16","Geometric Graphs"
"insecta-ant-colony5-day17","Yes","Physical_contact","video","Camponotus_fellah",1,"Insecta","insecta-ant-colony5-day17","Geometric Graphs"
"insecta-ant-colony5-day18","Yes","Physical_contact","video","Camponotus_fellah",1,"Insecta","insecta-ant-colony5-day18","Geometric Graphs"
"insecta-ant-colony5-day19","Yes","Physical_contact","video","Camponotus_fellah",1,"Insecta","insecta-ant-colony5-day19","Geometric Graphs"
"insecta-ant-colony5-day20","Yes","Physical_contact","video","Camponotus_fellah",1,"Insecta","insecta-ant-colony5-day20","Geometric Graphs"
"insecta-ant-colony5-day21","Yes","Physical_contact","video","Camponotus_fellah",1,"Insecta","insecta-ant-colony5-day21","Geometric Graphs"
"insecta-ant-colony5-day22","Yes","Physical_contact","video","Camponotus_fellah",1,"Insecta","insecta-ant-colony5-day22","Geometric Graphs"
"insecta-ant-colony5-day23","Yes","Physical_contact","video","Camponotus_fellah",1,"Insecta","insecta-ant-colony5-day23","Geometric Graphs"
"insecta-ant-colony5-day24","Yes","Physical_contact","video","Camponotus_fellah",1,"Insecta","insecta-ant-colony5-day24","Geometric Graphs"
"insecta-ant-colony5-day25","Yes","Physical_contact","video","Camponotus_fellah",1,"Insecta","insecta-ant-colony5-day25","Geometric Graphs"
"insecta-ant-colony5-day26","Yes","Physical_contact","video","Camponotus_fellah",1,"Insecta","insecta-ant-colony5-day26","Geometric Graphs"
"insecta-ant-colony5-day27","Yes","Physical_contact","video","Camponotus_fellah",1,"Insecta","insecta-ant-colony5-day27","Geometric Graphs"
"insecta-ant-colony5-day28","Yes","Physical_contact","video","Camponotus_fellah",1,"Insecta","insecta-ant-colony5-day28","Geometric Graphs"
"insecta-ant-colony5-day29","Yes","Physical_contact","video","Camponotus_fellah",1,"Insecta","insecta-ant-colony5-day29","Geometric Graphs"
"insecta-ant-colony5-day30","Yes","Physical_contact","video","Camponotus_fellah",1,"Insecta","insecta-ant-colony5-day30","Geometric Graphs"
"insecta-ant-colony5-day31","Yes","Physical_contact","video","Camponotus_fellah",1,"Insecta","insecta-ant-colony5-day31","Geometric Graphs"
"insecta-ant-colony5-day32","Yes","Physical_contact","video","Camponotus_fellah",1,"Insecta","insecta-ant-colony5-day32","Geometric Graphs"
"insecta-ant-colony5-day33","Yes","Physical_contact","video","Camponotus_fellah",1,"Insecta","insecta-ant-colony5-day33","Geometric Graphs"
"insecta-ant-colony5-day34","Yes","Physical_contact","video","Camponotus_fellah",1,"Insecta","insecta-ant-colony5-day34","Geometric Graphs"
"insecta-ant-colony5-day35","Yes","Physical_contact","video","Camponotus_fellah",1,"Insecta","insecta-ant-colony5-day35","Geometric Graphs"
"insecta-ant-colony5-day36","Yes","Physical_contact","video","Camponotus_fellah",1,"Insecta","insecta-ant-colony5-day36","Geometric Graphs"
"insecta-ant-colony5-day37","Yes","Physical_contact","video","Camponotus_fellah",1,"Insecta","insecta-ant-colony5-day37","Geometric Graphs"
"insecta-ant-colony5-day38","Yes","Physical_contact","video","Camponotus_fellah",1,"Insecta","insecta-ant-colony5-day38","Geometric Graphs"
"insecta-ant-colony5-day39","Yes","Physical_contact","video","Camponotus_fellah",1,"Insecta","insecta-ant-colony5-day39","Geometric Graphs"
"insecta-ant-colony5-day40","Yes","Physical_contact","video","Camponotus_fellah",1,"Insecta","insecta-ant-colony5-day40","Geometric Graphs"
"insecta-ant-colony5-day41","Yes","Physical_contact","video","Camponotus_fellah",1,"Insecta","insecta-ant-colony5-day41","Geometric Graphs"
"insecta-ant-colony5","Yes","Physical_contact","video","Camponotus_fellah",41,"Insecta","insecta-ant-colony5","Erdos-Renyi"
"insecta-ant-colony6-day01","Yes","Physical_contact","video","Camponotus_fellah",1,"Insecta","insecta-ant-colony6-day01","Geometric Graphs"
"insecta-ant-colony6-day02","Yes","Physical_contact","video","Camponotus_fellah",1,"Insecta","insecta-ant-colony6-day02","Geometric Graphs"
"insecta-ant-colony6-day03","Yes","Physical_contact","video","Camponotus_fellah",1,"Insecta","insecta-ant-colony6-day03","Geometric Graphs"
"insecta-ant-colony6-day04","Yes","Physical_contact","video","Camponotus_fellah",1,"Insecta","insecta-ant-colony6-day04","Geometric Graphs"
"insecta-ant-colony6-day05","Yes","Physical_contact","video","Camponotus_fellah",1,"Insecta","insecta-ant-colony6-day05","Geometric Graphs"
"insecta-ant-colony6-day06","Yes","Physical_contact","video","Camponotus_fellah",1,"Insecta","insecta-ant-colony6-day06","Geometric Graphs"
"insecta-ant-colony6-day07","Yes","Physical_contact","video","Camponotus_fellah",1,"Insecta","insecta-ant-colony6-day07","Geometric Graphs"
"insecta-ant-colony6-day08","Yes","Physical_contact","video","Camponotus_fellah",1,"Insecta","insecta-ant-colony6-day08","Geometric Graphs"
"insecta-ant-colony6-day09","Yes","Physical_contact","video","Camponotus_fellah",1,"Insecta","insecta-ant-colony6-day09","Geometric Graphs"
"insecta-ant-colony6-day10","Yes","Physical_contact","video","Camponotus_fellah",1,"Insecta","insecta-ant-colony6-day10","Geometric Graphs"
"insecta-ant-colony6-day11","Yes","Physical_contact","video","Camponotus_fellah",1,"Insecta","insecta-ant-colony6-day11","Geometric Graphs"
"insecta-ant-colony6-day12","Yes","Physical_contact","video","Camponotus_fellah",1,"Insecta","insecta-ant-colony6-day12","Geometric Graphs"
"insecta-ant-colony6-day13","Yes","Physical_contact","video","Camponotus_fellah",1,"Insecta","insecta-ant-colony6-day13","Geometric Graphs"
"insecta-ant-colony6-day14","Yes","Physical_contact","video","Camponotus_fellah",1,"Insecta","insecta-ant-colony6-day14","Geometric Graphs"
"insecta-ant-colony6-day15","Yes","Physical_contact","video","Camponotus_fellah",1,"Insecta","insecta-ant-colony6-day15","Geometric Graphs"
"insecta-ant-colony6-day16","Yes","Physical_contact","video","Camponotus_fellah",1,"Insecta","insecta-ant-colony6-day16","Geometric Graphs"
"insecta-ant-colony6-day17","Yes","Physical_contact","video","Camponotus_fellah",1,"Insecta","insecta-ant-colony6-day17","Geometric Graphs"
"insecta-ant-colony6-day18","Yes","Physical_contact","video","Camponotus_fellah",1,"Insecta","insecta-ant-colony6-day18","Geometric Graphs"
"insecta-ant-colony6-day19","Yes","Physical_contact","video","Camponotus_fellah",1,"Insecta","insecta-ant-colony6-day19","Geometric Graphs"
"insecta-ant-colony6-day20","Yes","Physical_contact","video","Camponotus_fellah",1,"Insecta","insecta-ant-colony6-day20","Geometric Graphs"
"insecta-ant-colony6-day21","Yes","Physical_contact","video","Camponotus_fellah",1,"Insecta","insecta-ant-colony6-day21","Geometric Graphs"
"insecta-ant-colony6-day22","Yes","Physical_contact","video","Camponotus_fellah",1,"Insecta","insecta-ant-colony6-day22","Geometric Graphs"
"insecta-ant-colony6-day23","Yes","Physical_contact","video","Camponotus_fellah",1,"Insecta","insecta-ant-colony6-day23","Geometric Graphs"
"insecta-ant-colony6-day24","Yes","Physical_contact","video","Camponotus_fellah",1,"Insecta","insecta-ant-colony6-day24","Geometric Graphs"
"insecta-ant-colony6-day25","Yes","Physical_contact","video","Camponotus_fellah",1,"Insecta","insecta-ant-colony6-day25","Geometric Graphs"
"insecta-ant-colony6-day26","Yes","Physical_contact","video","Camponotus_fellah",1,"Insecta","insecta-ant-colony6-day26","Geometric Graphs"
"insecta-ant-colony6-day27","Yes","Physical_contact","video","Camponotus_fellah",1,"Insecta","insecta-ant-colony6-day27","Geometric Graphs"
"insecta-ant-colony6-day28","Yes","Physical_contact","video","Camponotus_fellah",1,"Insecta","insecta-ant-colony6-day28","Geometric Graphs"
"insecta-ant-colony6-day29","Yes","Physical_contact","video","Camponotus_fellah",1,"Insecta","insecta-ant-colony6-day29","Geometric Graphs"
"insecta-ant-colony6-day30","Yes","Physical_contact","video","Camponotus_fellah",1,"Insecta","insecta-ant-colony6-day30","Geometric Graphs"
"insecta-ant-colony6-day31","Yes","Physical_contact","video","Camponotus_fellah",1,"Insecta","insecta-ant-colony6-day31","Geometric Graphs"
"insecta-ant-colony6-day32","Yes","Physical_contact","video","Camponotus_fellah",1,"Insecta","insecta-ant-colony6-day32","Geometric Graphs"
"insecta-ant-colony6-day33","Yes","Physical_contact","video","Camponotus_fellah",1,"Insecta","insecta-ant-colony6-day33","Geometric Graphs"
"insecta-ant-colony6-day34","Yes","Physical_contact","video","Camponotus_fellah",1,"Insecta","insecta-ant-colony6-day34","Geometric Graphs"
"insecta-ant-colony6-day35","Yes","Physical_contact","video","Camponotus_fellah",1,"Insecta","insecta-ant-colony6-day35","Geometric Graphs"
"insecta-ant-colony6-day36","Yes","Physical_contact","video","Camponotus_fellah",1,"Insecta","insecta-ant-colony6-day36","Geometric Graphs"
"insecta-ant-colony6-day37","Yes","Physical_contact","video","Camponotus_fellah",1,"Insecta","insecta-ant-colony6-day37","Geometric Graphs"
"insecta-ant-colony6-day38","Yes","Physical_contact","video","Camponotus_fellah",1,"Insecta","insecta-ant-colony6-day38","Geometric Graphs"
"insecta-ant-colony6-day39","Yes","Physical_contact","video","Camponotus_fellah",1,"Insecta","insecta-ant-colony6-day39","Geometric Graphs"
"insecta-ant-colony6","Yes","Physical_contact","video","Camponotus_fellah",41,"Insecta","insecta-ant-colony6","Erdos-Renyi"
"insecta-ant-trophallaxis-colony1-day1","Yes","Physical_contact","video","Camponotus_pennsylvanicus",0.020833,"Insecta","insecta-ant-trophallaxis-colony1-day1","Scale-Free"
"insecta-ant-trophallaxis-colony1-day2","Yes","Physical_contact","video","Camponotus_pennsylvanicus",0.020833,"Insecta","insecta-ant-trophallaxis-colony1-day2","Erdos-Renyi"
"insecta-ant-trophallaxis-colony1-day3","Yes","Physical_contact","video","Camponotus_pennsylvanicus",0.020833,"Insecta","insecta-ant-trophallaxis-colony1-day3","Scale-Free"
"insecta-ant-trophallaxis-colony1-day4","Yes","Physical_contact","video","Camponotus_pennsylvanicus",0.020833,"Insecta","insecta-ant-trophallaxis-colony1-day4","Erdos-Renyi"
"insecta-ant-trophallaxis-colony1-day5","Yes","Physical_contact","video","Camponotus_pennsylvanicus",0.020833,"Insecta","insecta-ant-trophallaxis-colony1-day5","Scale-Free"
"insecta-ant-trophallaxis-colony1-day7","Yes","Physical_contact","video","Camponotus_pennsylvanicus",0.020833,"Insecta","insecta-ant-trophallaxis-colony1-day7","Erdos-Renyi"
"insecta-ant-trophallaxis-colony1-day8","Yes","Physical_contact","video","Camponotus_pennsylvanicus",0.020833,"Insecta","insecta-ant-trophallaxis-colony1-day8","Erdos-Renyi"
"insecta-ant-trophallaxis-colony1","Yes","Physical_contact","video","Camponotus_pennsylvanicus",0.1667,"Insecta","insecta-ant-trophallaxis-colony1","Scale-Free"
"insecta-ant-trophallaxis-colony2-day1","Yes","Physical_contact","video","Camponotus_pennsylvanicus",0.020833,"Insecta","insecta-ant-trophallaxis-colony2-day1","Scale-Free"
"insecta-ant-trophallaxis-colony2-day2","Yes","Physical_contact","video","Camponotus_pennsylvanicus",0.020833,"Insecta","insecta-ant-trophallaxis-colony2-day2","Erdos-Renyi"
"insecta-ant-trophallaxis-colony2-day3","Yes","Physical_contact","video","Camponotus_pennsylvanicus",0.020833,"Insecta","insecta-ant-trophallaxis-colony2-day3","Erdos-Renyi"
"insecta-ant-trophallaxis-colony2-day4","Yes","Physical_contact","video","Camponotus_pennsylvanicus",0.020833,"Insecta","insecta-ant-trophallaxis-colony2-day4","Scale-Free"
"insecta-ant-trophallaxis-colony2-day5","Yes","Physical_contact","video","Camponotus_pennsylvanicus",0.020833,"Insecta","insecta-ant-trophallaxis-colony2-day5","Erdos-Renyi"
"insecta-ant-trophallaxis-colony2-day6","Yes","Physical_contact","video","Camponotus_pennsylvanicus",0.020833,"Insecta","insecta-ant-trophallaxis-colony2-day6","Scale-Free"
"insecta-ant-trophallaxis-colony2-day7","Yes","Physical_contact","video","Camponotus_pennsylvanicus",0.020833,"Insecta","insecta-ant-trophallaxis-colony2-day7","Scale-Free"
"insecta-ant-trophallaxis-colony2-day8","Yes","Physical_contact","video","Camponotus_pennsylvanicus",0.020833,"Insecta","insecta-ant-trophallaxis-colony2-day8","Scale-Free"
"insecta-ant-trophallaxis-colony2","Yes","Physical_contact","video","Camponotus_pennsylvanicus",0.1667,"Insecta","insecta-ant-trophallaxis-colony2","Scale-Free"
"insecta-beetle-group-c1-period-1","Yes","Spatial_proximity","survey_scan","Bolitotherus_cornutus",12,"Insecta","insecta-beetle-group-c1-period-1","Stochastic-Block-Model"
"insecta-beetle-group-c1-period-2","Yes","Spatial_proximity","survey_scan","Bolitotherus_cornutus",12,"Insecta","insecta-beetle-group-c1-period-2","Scale-Free"
"insecta-beetle-group-c2-period-1","Yes","Spatial_proximity","survey_scan","Bolitotherus_cornutus",12,"Insecta","insecta-beetle-group-c2-period-1","Scale-Free"
"insecta-beetle-group-c2-period-2","Yes","Spatial_proximity","survey_scan","Bolitotherus_cornutus",12,"Insecta","insecta-beetle-group-c2-period-2","Scale-Free"
"insecta-beetle-group-c3-period-1","Yes","Spatial_proximity","survey_scan","Bolitotherus_cornutus",12,"Insecta","insecta-beetle-group-c3-period-1","Erdos-Renyi"
"insecta-beetle-group-c3-period-2","Yes","Spatial_proximity","survey_scan","Bolitotherus_cornutus",12,"Insecta","insecta-beetle-group-c3-period-2","Scale-Free"
"insecta-beetle-group-c4-period-1","Yes","Spatial_proximity","survey_scan","Bolitotherus_cornutus",12,"Insecta","insecta-beetle-group-c4-period-1","Stochastic-Block-Model"
"insecta-beetle-group-c4-period-2","Yes","Spatial_proximity","survey_scan","Bolitotherus_cornutus",12,"Insecta","insecta-beetle-group-c4-period-2","Erdos-Renyi"
"insecta-beetle-group-t1-period-1","Yes","Spatial_proximity","survey_scan","Bolitotherus_cornutus",12,"Insecta","insecta-beetle-group-t1-period-1","Scale-Free"
"insecta-beetle-group-t2-period-1","Yes","Spatial_proximity","survey_scan","Bolitotherus_cornutus",12,"Insecta","insecta-beetle-group-t2-period-1","Scale-Free"
"insecta-beetle-group-t3-period-1","Yes","Spatial_proximity","survey_scan","Bolitotherus_cornutus",12,"Insecta","insecta-beetle-group-t3-period-1","Stochastic-Block-Model"
"insecta-beetle-group-t4-period-1","Yes","Spatial_proximity","survey_scan","Bolitotherus_cornutus",12,"Insecta","insecta-beetle-group-t4-period-1","Scale-Free"
"mammalia-asianelephant","No","Dominance","focal_sampling","Elephas_maximus",206,"Mammalia","mammalia-asianelephant","Erdos-Renyi"
"mammalia-baboon-association-group03","No","Spatial_proximity","focal_sampling","Papio_cynocephalus",30,"Mammalia","mammalia-baboon-association-group03","Scale-Free"
"mammalia-baboon-association-group07","No","Spatial_proximity","focal_sampling","Papio_cynocephalus",30,"Mammalia","mammalia-baboon-association-group07","Erdos-Renyi"
"mammalia-baboon-association-group08","No","Spatial_proximity","focal_sampling","Papio_cynocephalus",30,"Mammalia","mammalia-baboon-association-group08","Scale-Free"
"mammalia-baboon-association-group09","No","Spatial_proximity","focal_sampling","Papio_cynocephalus",30,"Mammalia","mammalia-baboon-association-group09","Scale-Free"
"mammalia-baboon-association-group10","No","Spatial_proximity","focal_sampling","Papio_cynocephalus",30,"Mammalia","mammalia-baboon-association-group10","Scale-Free"
"mammalia-baboon-association-group11","No","Spatial_proximity","focal_sampling","Papio_cynocephalus",30,"Mammalia","mammalia-baboon-association-group11","Scale-Free"
"mammalia-baboon-association-group19","No","Spatial_proximity","focal_sampling","Papio_cynocephalus",30,"Mammalia","mammalia-baboon-association-group19","Scale-Free"
"mammalia-baboon-association-group20","No","Spatial_proximity","focal_sampling","Papio_cynocephalus",30,"Mammalia","mammalia-baboon-association-group20","Erdos-Renyi"
"mammalia-baboon-association-group23","No","Spatial_proximity","focal_sampling","Papio_cynocephalus",30,"Mammalia","mammalia-baboon-association-group23","Scale-Free"
"mammalia-baboon-association-group27","No","Spatial_proximity","focal_sampling","Papio_cynocephalus",30,"Mammalia","mammalia-baboon-association-group27","Erdos-Renyi"
"mammalia-baboon-association-group28","No","Spatial_proximity","focal_sampling","Papio_cynocephalus",30,"Mammalia","mammalia-baboon-association-group28","Erdos-Renyi"
"mammalia-baboon-association-group29","No","Spatial_proximity","focal_sampling","Papio_cynocephalus",30,"Mammalia","mammalia-baboon-association-group29","Erdos-Renyi"
"mammalia-baboon-grooming-group03","No","Spatial_proximity","focal_sampling","Papio_cynocephalus",30,"Mammalia","mammalia-baboon-grooming-group03","Scale-Free"
"mammalia-baboon-grooming-group07","No","Spatial_proximity","focal_sampling","Papio_cynocephalus",30,"Mammalia","mammalia-baboon-grooming-group07","Erdos-Renyi"
"mammalia-baboon-grooming-group08","No","Spatial_proximity","focal_sampling","Papio_cynocephalus",30,"Mammalia","mammalia-baboon-grooming-group08","Scale-Free"
"mammalia-baboon-grooming-group09","No","Spatial_proximity","focal_sampling","Papio_cynocephalus",30,"Mammalia","mammalia-baboon-grooming-group09","Erdos-Renyi"
"mammalia-baboon-grooming-group10","No","Spatial_proximity","focal_sampling","Papio_cynocephalus",30,"Mammalia","mammalia-baboon-grooming-group10","Stochastic-Block-Model"
"mammalia-baboon-grooming-group11","No","Spatial_proximity","focal_sampling","Papio_cynocephalus",30,"Mammalia","mammalia-baboon-grooming-group11","Erdos-Renyi"
"mammalia-baboon-grooming-group19","No","Spatial_proximity","focal_sampling","Papio_cynocephalus",30,"Mammalia","mammalia-baboon-grooming-group19","Stochastic-Block-Model"
"mammalia-baboon-grooming-group20","No","Spatial_proximity","focal_sampling","Papio_cynocephalus",30,"Mammalia","mammalia-baboon-grooming-group20","Stochastic-Block-Model"
"mammalia-baboon-grooming-group23","No","Spatial_proximity","focal_sampling","Papio_cynocephalus",30,"Mammalia","mammalia-baboon-grooming-group23","Scale-Free"
"mammalia-baboon-grooming-group25","No","Spatial_proximity","focal_sampling","Papio_cynocephalus",30,"Mammalia","mammalia-baboon-grooming-group25","Erdos-Renyi"
"mammalia-baboon-grooming-group26","No","Spatial_proximity","focal_sampling","Papio_cynocephalus",30,"Mammalia","mammalia-baboon-grooming-group26","Scale-Free"
"mammalia-baboon-grooming-group27","No","Spatial_proximity","focal_sampling","Papio_cynocephalus",30,"Mammalia","mammalia-baboon-grooming-group27","Scale-Free"
"mammalia-baboon-grooming-group28","No","Spatial_proximity","focal_sampling","Papio_cynocephalus",30,"Mammalia","mammalia-baboon-grooming-group28","Erdos-Renyi"
"mammalia-baboon-grooming-group29","No","Spatial_proximity","focal_sampling","Papio_cynocephalus",30,"Mammalia","mammalia-baboon-grooming-group29","Stochastic-Block-Model"
"mammalia-bat-roosting-indiana","No","Social_projection_bipartite","RFID","Myotis_sodalis",365,"Mammalia","mammalia-bat-roosting-indiana","Geometric Graphs"
"mammalia-bison-dominance","Semi_ranging","Dominance","survey_scan","Bison_bison",60,"Mammalia","mammalia-bison-dominance","Geometric Graphs"
"mammalia-cattle-dominance","Semi_ranging","Dominance","survey_scan","Bos_taurus",NA,"Mammalia","mammalia-cattle-dominance","Scale-Free"
"mammalia-dolphin-florida-forage","No","Spatial_proximity","survey_scan","Tursiops_truncatus",124,"Mammalia","mammalia-dolphin-florida-forage","Geometric Graphs"
"mammalia-dolphin-florida-overall","No","Spatial_proximity","survey_scan","Tursiops_truncatus",124,"Mammalia","mammalia-dolphin-florida-overall","Scale-Free"
"mammalia-dolphin-florida-social","No","Spatial_proximity","survey_scan","Tursiops_truncatus",124,"Mammalia","mammalia-dolphin-florida-social","Geometric Graphs"
"mammalia-dolphin-floridatravel","No","Spatial_proximity","survey_scan","Tursiops_truncatus",124,"Mammalia","mammalia-dolphin-floridatravel","Geometric Graphs"
"mammalia-dolphin-social","No","Spatial_proximity","survey_scan","Tursiops_truncatus",594,"Mammalia","mammalia-dolphin-social","Small-World"
"mammalia-elephantseal-2010-2011","No","Dominance","survey_scan","Mirounga_angustirostris",69,"Mammalia","mammalia-elephantseal-2010-2011","Scale-Free"
"mammalia-elephantseal-2011-2012","No","Dominance","survey_scan","Mirounga_angustirostris",69,"Mammalia","mammalia-elephantseal-2011-2012","Erdos-Renyi"
"mammalia-hyena-networka","No","Group_membership","survey_scan","Crocuta_crocuta",64,"Mammalia","mammalia-hyena-networka","Geometric Graphs"
"mammalia-hyena-networkb","No","Group_membership","survey_scan","Crocuta_crocuta",64,"Mammalia","mammalia-hyena-networkb","Geometric Graphs"
"mammalia-hyena-networkc","No","Group_membership","survey_scan","Crocuta_crocuta",64,"Mammalia","mammalia-hyena-networkc","Geometric Graphs"
"mammalia-kangaroo-interactions","No","Spatial_proximity","survey_scan","Macropus_giganteus",NA,"Mammalia","mammalia-kangaroo-interactions","Geometric Graphs"
"mammalia-macaque-contact-sits","Yes","Physical_contact","survey_scan","Macaca_mulatta",1095,"Mammalia","mammalia-macaque-contact-sits","Small-World"
"mammalia-macaque-dominance","Semi_ranging","Dominance","survey_scan","Macaca_fuscata",180,"Mammalia","mammalia-macaque-dominance","Scale-Free"
"mammalia-macaque-grooming-bouts","Yes","Physical_contact","survey_scan","Macaca_mulatta",1095,"Mammalia","mammalia-macaque-grooming-bouts","Scale-Free"
"mammalia-primate-association-1","No","Grooming","focal_sampling","Macaca_fuscata",90,"Mammalia","mammalia-primate-association-1","Scale-Free"
"mammalia-primate-association-10","No","Grooming","focal_sampling","Macaca_fuscata",90,"Mammalia","mammalia-primate-association-10","Scale-Free"
"mammalia-primate-association-11","No","Grooming","focal_sampling","Macaca_fuscata",90,"Mammalia","mammalia-primate-association-11","Scale-Free"
"mammalia-primate-association-12","No","Grooming","focal_sampling","Macaca_fuscata",90,"Mammalia","mammalia-primate-association-12","Geometric Graphs"
"mammalia-primate-association-13","No","Grooming","focal_sampling","Macaca_fuscata",90,"Mammalia","mammalia-primate-association-13","Stochastic-Block-Model"
"mammalia-primate-association-14","No","Grooming","focal_sampling","Macaca_fuscata",90,"Mammalia","mammalia-primate-association-14","Scale-Free"
"mammalia-primate-association-15","No","Grooming","focal_sampling","Macaca_fuscata",90,"Mammalia","mammalia-primate-association-15","Scale-Free"
"mammalia-primate-association-16","No","Grooming","focal_sampling","Macaca_fuscata",90,"Mammalia","mammalia-primate-association-16","Scale-Free"
"mammalia-primate-association-3","No","Grooming","focal_sampling","Macaca_fuscata",90,"Mammalia","mammalia-primate-association-3","Geometric Graphs"
"mammalia-primate-association-4","No","Grooming","focal_sampling","Macaca_fuscata",90,"Mammalia","mammalia-primate-association-4","Scale-Free"
"mammalia-primate-association-5","No","Grooming","focal_sampling","Macaca_fuscata",90,"Mammalia","mammalia-primate-association-5","Scale-Free"
"mammalia-primate-association-7","No","Grooming","focal_sampling","Macaca_fuscata",90,"Mammalia","mammalia-primate-association-7","Scale-Free"
"mammalia-primate-association-8","No","Grooming","focal_sampling","Macaca_fuscata",90,"Mammalia","mammalia-primate-association-8","Scale-Free"
"mammalia-primate-association-9","No","Grooming","focal_sampling","Macaca_fuscata",90,"Mammalia","mammalia-primate-association-9","Geometric Graphs"
"mammalia-primate-association","No","Grooming","focal_sampling","Macaca_fuscata",90,"Mammalia","mammalia-primate-association","Geometric Graphs"
"mammalia-raccoon-proximity-1","No","Grooming","focal_sampling","Macaca_fuscata",90,"Mammalia","mammalia-raccoon-proximity-1","Scale-Free"
"mammalia-raccoon-proximity-10","No","Grooming","focal_sampling","Macaca_fuscata",90,"Mammalia","mammalia-raccoon-proximity-10","Geometric Graphs"
"mammalia-raccoon-proximity-11","No","Grooming","focal_sampling","Macaca_fuscata",90,"Mammalia","mammalia-raccoon-proximity-11","Scale-Free"
"mammalia-raccoon-proximity-12","No","Grooming","focal_sampling","Macaca_fuscata",90,"Mammalia","mammalia-raccoon-proximity-12","Geometric Graphs"
"mammalia-raccoon-proximity-13","No","Grooming","focal_sampling","Macaca_fuscata",90,"Mammalia","mammalia-raccoon-proximity-13","Geometric Graphs"
"mammalia-raccoon-proximity-14","No","Grooming","focal_sampling","Macaca_fuscata",90,"Mammalia","mammalia-raccoon-proximity-14","Geometric Graphs"
"mammalia-raccoon-proximity-15","No","Grooming","focal_sampling","Macaca_fuscata",90,"Mammalia","mammalia-raccoon-proximity-15","Scale-Free"
"mammalia-raccoon-proximity-16","No","Grooming","focal_sampling","Macaca_fuscata",90,"Mammalia","mammalia-raccoon-proximity-16","Geometric Graphs"
"mammalia-raccoon-proximity-17","No","Grooming","focal_sampling","Macaca_fuscata",90,"Mammalia","mammalia-raccoon-proximity-17","Geometric Graphs"
"mammalia-raccoon-proximity-19","No","Grooming","focal_sampling","Macaca_fuscata",90,"Mammalia","mammalia-raccoon-proximity-19","Geometric Graphs"
"mammalia-raccoon-proximity-2","No","Grooming","focal_sampling","Macaca_fuscata",90,"Mammalia","mammalia-raccoon-proximity-2","Scale-Free"
"mammalia-raccoon-proximity-20","No","Grooming","focal_sampling","Macaca_fuscata",90,"Mammalia","mammalia-raccoon-proximity-20","Geometric Graphs"
"mammalia-raccoon-proximity-21","No","Grooming","focal_sampling","Macaca_fuscata",90,"Mammalia","mammalia-raccoon-proximity-21","Scale-Free"
"mammalia-raccoon-proximity-22","No","Grooming","focal_sampling","Macaca_fuscata",90,"Mammalia","mammalia-raccoon-proximity-22","Geometric Graphs"
"mammalia-raccoon-proximity-23","No","Grooming","focal_sampling","Macaca_fuscata",90,"Mammalia","mammalia-raccoon-proximity-23","Scale-Free"
"mammalia-raccoon-proximity-24","No","Grooming","focal_sampling","Macaca_fuscata",90,"Mammalia","mammalia-raccoon-proximity-24","Geometric Graphs"
"mammalia-raccoon-proximity-25","No","Grooming","focal_sampling","Macaca_fuscata",90,"Mammalia","mammalia-raccoon-proximity-25","Geometric Graphs"
"mammalia-raccoon-proximity-26","No","Grooming","focal_sampling","Macaca_fuscata",90,"Mammalia","mammalia-raccoon-proximity-26","Geometric Graphs"
"mammalia-raccoon-proximity-27","No","Grooming","focal_sampling","Macaca_fuscata",90,"Mammalia","mammalia-raccoon-proximity-27","Geometric Graphs"
"mammalia-raccoon-proximity-28","No","Grooming","focal_sampling","Macaca_fuscata",90,"Mammalia","mammalia-raccoon-proximity-28","Geometric Graphs"
"mammalia-raccoon-proximity-3","No","Spatial_proximity","logger","Procyon_lotor",7,"Mammalia","mammalia-raccoon-proximity-3","Stochastic-Block-Model"
"mammalia-raccoon-proximity-32","No","Spatial_proximity","logger","Procyon_lotor",7,"Mammalia","mammalia-raccoon-proximity-32","Geometric Graphs"
"mammalia-raccoon-proximity-33","No","Spatial_proximity","logger","Procyon_lotor",7,"Mammalia","mammalia-raccoon-proximity-33","Scale-Free"
"mammalia-raccoon-proximity-34","No","Spatial_proximity","logger","Procyon_lotor",7,"Mammalia","mammalia-raccoon-proximity-34","Scale-Free"
"mammalia-raccoon-proximity-35","No","Spatial_proximity","logger","Procyon_lotor",7,"Mammalia","mammalia-raccoon-proximity-35","Scale-Free"
"mammalia-raccoon-proximity-36","No","Spatial_proximity","logger","Procyon_lotor",7,"Mammalia","mammalia-raccoon-proximity-36","Scale-Free"
"mammalia-raccoon-proximity-37","No","Spatial_proximity","logger","Procyon_lotor",7,"Mammalia","mammalia-raccoon-proximity-37","Scale-Free"
"mammalia-raccoon-proximity-39","No","Spatial_proximity","logger","Procyon_lotor",7,"Mammalia","mammalia-raccoon-proximity-39","Scale-Free"
"mammalia-raccoon-proximity-4","No","Spatial_proximity","logger","Procyon_lotor",7,"Mammalia","mammalia-raccoon-proximity-4","Geometric Graphs"
"mammalia-raccoon-proximity-40","No","Spatial_proximity","logger","Procyon_lotor",7,"Mammalia","mammalia-raccoon-proximity-40","Scale-Free"
"mammalia-raccoon-proximity-41","No","Spatial_proximity","logger","Procyon_lotor",7,"Mammalia","mammalia-raccoon-proximity-41","Geometric Graphs"
"mammalia-raccoon-proximity-42","No","Spatial_proximity","logger","Procyon_lotor",7,"Mammalia","mammalia-raccoon-proximity-42","Geometric Graphs"
"mammalia-raccoon-proximity-43","No","Spatial_proximity","logger","Procyon_lotor",7,"Mammalia","mammalia-raccoon-proximity-43","Scale-Free"
"mammalia-raccoon-proximity-44","No","Spatial_proximity","logger","Procyon_lotor",7,"Mammalia","mammalia-raccoon-proximity-44","Stochastic-Block-Model"
"mammalia-raccoon-proximity-45","No","Spatial_proximity","logger","Procyon_lotor",7,"Mammalia","mammalia-raccoon-proximity-45","Geometric Graphs"
"mammalia-raccoon-proximity-46","No","Spatial_proximity","logger","Procyon_lotor",7,"Mammalia","mammalia-raccoon-proximity-46","Scale-Free"
"mammalia-raccoon-proximity-47","No","Spatial_proximity","logger","Procyon_lotor",7,"Mammalia","mammalia-raccoon-proximity-47","Stochastic-Block-Model"
"mammalia-raccoon-proximity-48","No","Spatial_proximity","logger","Procyon_lotor",7,"Mammalia","mammalia-raccoon-proximity-48","Stochastic-Block-Model"
"mammalia-raccoon-proximity-49","No","Spatial_proximity","logger","Procyon_lotor",7,"Mammalia","mammalia-raccoon-proximity-49","Geometric Graphs"
"mammalia-raccoon-proximity-5","No","Spatial_proximity","logger","Procyon_lotor",7,"Mammalia","mammalia-raccoon-proximity-5","Scale-Free"
"mammalia-raccoon-proximity-50","No","Spatial_proximity","logger","Procyon_lotor",7,"Mammalia","mammalia-raccoon-proximity-50","Scale-Free"
"mammalia-raccoon-proximity-51","No","Spatial_proximity","logger","Procyon_lotor",7,"Mammalia","mammalia-raccoon-proximity-51","Geometric Graphs"
"mammalia-raccoon-proximity-52","No","Spatial_proximity","logger","Procyon_lotor",7,"Mammalia","mammalia-raccoon-proximity-52","Scale-Free"
"mammalia-raccoon-proximity-6","No","Spatial_proximity","logger","Procyon_lotor",7,"Mammalia","mammalia-raccoon-proximity-6","Scale-Free"
"mammalia-raccoon-proximity-7","No","Spatial_proximity","logger","Procyon_lotor",7,"Mammalia","mammalia-raccoon-proximity-7","Scale-Free"
"mammalia-raccoon-proximity-8","No","Spatial_proximity","logger","Procyon_lotor",7,"Mammalia","mammalia-raccoon-proximity-8","Scale-Free"
"mammalia-raccoon-proximity-9","No","Spatial_proximity","logger","Procyon_lotor",7,"Mammalia","mammalia-raccoon-proximity-9","Scale-Free"
"mammalia-raccoon-proximity","No","Spatial_proximity","logger","Procyon_lotor",7,"Mammalia","mammalia-raccoon-proximity","Geometric Graphs"
"mammalia-sheep-dominance","Semi_ranging","Dominance","focal_sampling","Ovis_canadensis",450,"Mammalia","mammalia-sheep-dominance","Geometric Graphs"
"mammalia-spidermonkeys-contact","No","Physical_contact","focal_sampling","Ateles_hybridus",730,"Mammalia","mammalia-spidermonkeys-contact","Geometric Graphs"
"mammalia-vampire-bats-foodsharing","Yes","Trophallaxis","video","Desmodus_rotundus",0.08,"Mammalia","mammalia-vampire-bats-foodsharing","Scale-Free"
"mammalia-voles-bhp-trapping-02","No","Social_projection_bipartite","mark_recapture","Microtus_agrestis",6,"Mammalia","mammalia-voles-bhp-trapping-02","Geometric Graphs"
"mammalia-voles-bhp-trapping-04","No","Social_projection_bipartite","mark_recapture","Microtus_agrestis",6,"Mammalia","mammalia-voles-bhp-trapping-04","Scale-Free"
"mammalia-voles-bhp-trapping-05","No","Social_projection_bipartite","mark_recapture","Microtus_agrestis",6,"Mammalia","mammalia-voles-bhp-trapping-05","Scale-Free"
"mammalia-voles-bhp-trapping-06","No","Social_projection_bipartite","mark_recapture","Microtus_agrestis",6,"Mammalia","mammalia-voles-bhp-trapping-06","Geometric Graphs"
"mammalia-voles-bhp-trapping-07","No","Social_projection_bipartite","mark_recapture","Microtus_agrestis",6,"Mammalia","mammalia-voles-bhp-trapping-07","Stochastic-Block-Model"
"mammalia-voles-bhp-trapping-10","No","Social_projection_bipartite","mark_recapture","Microtus_agrestis",6,"Mammalia","mammalia-voles-bhp-trapping-10","Scale-Free"
"mammalia-voles-bhp-trapping-11","No","Social_projection_bipartite","mark_recapture","Microtus_agrestis",6,"Mammalia","mammalia-voles-bhp-trapping-11","Scale-Free"
"mammalia-voles-bhp-trapping-12","No","Social_projection_bipartite","mark_recapture","Microtus_agrestis",6,"Mammalia","mammalia-voles-bhp-trapping-12","Scale-Free"
"mammalia-voles-bhp-trapping-13","No","Social_projection_bipartite","mark_recapture","Microtus_agrestis",6,"Mammalia","mammalia-voles-bhp-trapping-13","Geometric Graphs"
"mammalia-voles-bhp-trapping-14","No","Social_projection_bipartite","mark_recapture","Microtus_agrestis",6,"Mammalia","mammalia-voles-bhp-trapping-14","Scale-Free"
"mammalia-voles-bhp-trapping-16","No","Social_projection_bipartite","mark_recapture","Microtus_agrestis",6,"Mammalia","mammalia-voles-bhp-trapping-16","Scale-Free"
"mammalia-voles-bhp-trapping-17","No","Social_projection_bipartite","mark_recapture","Microtus_agrestis",6,"Mammalia","mammalia-voles-bhp-trapping-17","Scale-Free"
"mammalia-voles-bhp-trapping-18","No","Social_projection_bipartite","mark_recapture","Microtus_agrestis",6,"Mammalia","mammalia-voles-bhp-trapping-18","Scale-Free"
"mammalia-voles-bhp-trapping-20","No","Social_projection_bipartite","mark_recapture","Microtus_agrestis",6,"Mammalia","mammalia-voles-bhp-trapping-20","Scale-Free"
"mammalia-voles-bhp-trapping-21","No","Social_projection_bipartite","mark_recapture","Microtus_agrestis",6,"Mammalia","mammalia-voles-bhp-trapping-21","Geometric Graphs"
"mammalia-voles-bhp-trapping-22","No","Social_projection_bipartite","mark_recapture","Microtus_agrestis",6,"Mammalia","mammalia-voles-bhp-trapping-22","Geometric Graphs"
"mammalia-voles-bhp-trapping-23","No","Social_projection_bipartite","mark_recapture","Microtus_agrestis",6,"Mammalia","mammalia-voles-bhp-trapping-23","Geometric Graphs"
"mammalia-voles-bhp-trapping-24","No","Social_projection_bipartite","mark_recapture","Microtus_agrestis",6,"Mammalia","mammalia-voles-bhp-trapping-24","Geometric Graphs"
"mammalia-voles-bhp-trapping-25","No","Social_projection_bipartite","mark_recapture","Microtus_agrestis",6,"Mammalia","mammalia-voles-bhp-trapping-25","Geometric Graphs"
"mammalia-voles-bhp-trapping-26","No","Social_projection_bipartite","mark_recapture","Microtus_agrestis",6,"Mammalia","mammalia-voles-bhp-trapping-26","Scale-Free"
"mammalia-voles-bhp-trapping-27","No","Social_projection_bipartite","mark_recapture","Microtus_agrestis",6,"Mammalia","mammalia-voles-bhp-trapping-27","Scale-Free"
"mammalia-voles-bhp-trapping-28","No","Social_projection_bipartite","mark_recapture","Microtus_agrestis",6,"Mammalia","mammalia-voles-bhp-trapping-28","Geometric Graphs"
"mammalia-voles-bhp-trapping-29","No","Social_projection_bipartite","mark_recapture","Microtus_agrestis",6,"Mammalia","mammalia-voles-bhp-trapping-29","Scale-Free"
"mammalia-voles-bhp-trapping-30","No","Social_projection_bipartite","mark_recapture","Microtus_agrestis",6,"Mammalia","mammalia-voles-bhp-trapping-30","Stochastic-Block-Model"
"mammalia-voles-bhp-trapping-31","No","Social_projection_bipartite","mark_recapture","Microtus_agrestis",6,"Mammalia","mammalia-voles-bhp-trapping-31","Erdos-Renyi"
"mammalia-voles-bhp-trapping-36","No","Social_projection_bipartite","mark_recapture","Microtus_agrestis",6,"Mammalia","mammalia-voles-bhp-trapping-36","Scale-Free"
"mammalia-voles-bhp-trapping-45","No","Social_projection_bipartite","mark_recapture","Microtus_agrestis",6,"Mammalia","mammalia-voles-bhp-trapping-45","Geometric Graphs"
"mammalia-voles-bhp-trapping-46","No","Social_projection_bipartite","mark_recapture","Microtus_agrestis",6,"Mammalia","mammalia-voles-bhp-trapping-46","Small-World"
"mammalia-voles-bhp-trapping-47","No","Social_projection_bipartite","mark_recapture","Microtus_agrestis",6,"Mammalia","mammalia-voles-bhp-trapping-47","Scale-Free"
"mammalia-voles-bhp-trapping-48","No","Social_projection_bipartite","mark_recapture","Microtus_agrestis",6,"Mammalia","mammalia-voles-bhp-trapping-48","Small-World"
"mammalia-voles-bhp-trapping-49","No","Social_projection_bipartite","mark_recapture","Microtus_agrestis",6,"Mammalia","mammalia-voles-bhp-trapping-49","Geometric Graphs"
"mammalia-voles-bhp-trapping-50","No","Social_projection_bipartite","mark_recapture","Microtus_agrestis",6,"Mammalia","mammalia-voles-bhp-trapping-50","Scale-Free"
"mammalia-voles-bhp-trapping-51","No","Social_projection_bipartite","mark_recapture","Microtus_agrestis",6,"Mammalia","mammalia-voles-bhp-trapping-51","Scale-Free"
"mammalia-voles-bhp-trapping-55","No","Social_projection_bipartite","mark_recapture","Microtus_agrestis",6,"Mammalia","mammalia-voles-bhp-trapping-55","Geometric Graphs"
"mammalia-voles-bhp-trapping-56","No","Social_projection_bipartite","mark_recapture","Microtus_agrestis",6,"Mammalia","mammalia-voles-bhp-trapping-56","Geometric Graphs"
"mammalia-voles-bhp-trapping-57","No","Social_projection_bipartite","mark_recapture","Microtus_agrestis",6,"Mammalia","mammalia-voles-bhp-trapping-57","Scale-Free"
"mammalia-voles-bhp-trapping-58","No","Social_projection_bipartite","mark_recapture","Microtus_agrestis",6,"Mammalia","mammalia-voles-bhp-trapping-58","Scale-Free"
"mammalia-voles-bhp-trapping-59","No","Social_projection_bipartite","mark_recapture","Microtus_agrestis",6,"Mammalia","mammalia-voles-bhp-trapping-59","Scale-Free"
"mammalia-voles-bhp-trapping-60","No","Social_projection_bipartite","mark_recapture","Microtus_agrestis",6,"Mammalia","mammalia-voles-bhp-trapping-60","Small-World"
"mammalia-voles-bhp-trapping-61","No","Social_projection_bipartite","mark_recapture","Microtus_agrestis",6,"Mammalia","mammalia-voles-bhp-trapping-61","Scale-Free"
"mammalia-voles-bhp-trapping-64","No","Social_projection_bipartite","mark_recapture","Microtus_agrestis",6,"Mammalia","mammalia-voles-bhp-trapping-64","Scale-Free"
"mammalia-voles-bhp-trapping","No","Social_projection_bipartite","mark_recapture","Microtus_agrestis",6,"Mammalia","mammalia-voles-bhp-trapping","Small-World"
"mammalia-voles-kcs-trapping-02","No","Social_projection_bipartite","mark_recapture","Microtus_agrestis",6,"Mammalia","mammalia-voles-kcs-trapping-02","Stochastic-Block-Model"
"mammalia-voles-kcs-trapping-05","No","Social_projection_bipartite","mark_recapture","Microtus_agrestis",6,"Mammalia","mammalia-voles-kcs-trapping-05","Stochastic-Block-Model"
"mammalia-voles-kcs-trapping-06","No","Social_projection_bipartite","mark_recapture","Microtus_agrestis",6,"Mammalia","mammalia-voles-kcs-trapping-06","Scale-Free"
"mammalia-voles-kcs-trapping-07","No","Social_projection_bipartite","mark_recapture","Microtus_agrestis",6,"Mammalia","mammalia-voles-kcs-trapping-07","Small-World"
"mammalia-voles-kcs-trapping-08","No","Social_projection_bipartite","mark_recapture","Microtus_agrestis",6,"Mammalia","mammalia-voles-kcs-trapping-08","Scale-Free"
"mammalia-voles-kcs-trapping-09","No","Social_projection_bipartite","mark_recapture","Microtus_agrestis",6,"Mammalia","mammalia-voles-kcs-trapping-09","Scale-Free"
"mammalia-voles-kcs-trapping-12","No","Social_projection_bipartite","mark_recapture","Microtus_agrestis",6,"Mammalia","mammalia-voles-kcs-trapping-12","Scale-Free"
"mammalia-voles-kcs-trapping-13","No","Social_projection_bipartite","mark_recapture","Microtus_agrestis",6,"Mammalia","mammalia-voles-kcs-trapping-13","Geometric Graphs"
"mammalia-voles-kcs-trapping-14","No","Social_projection_bipartite","mark_recapture","Microtus_agrestis",6,"Mammalia","mammalia-voles-kcs-trapping-14","Geometric Graphs"
"mammalia-voles-kcs-trapping-15","No","Social_projection_bipartite","mark_recapture","Microtus_agrestis",6,"Mammalia","mammalia-voles-kcs-trapping-15","Stochastic-Block-Model"
"mammalia-voles-kcs-trapping-16","No","Social_projection_bipartite","mark_recapture","Microtus_agrestis",6,"Mammalia","mammalia-voles-kcs-trapping-16","Small-World"
"mammalia-voles-kcs-trapping-17","No","Social_projection_bipartite","mark_recapture","Microtus_agrestis",6,"Mammalia","mammalia-voles-kcs-trapping-17","Scale-Free"
"mammalia-voles-kcs-trapping-18","No","Social_projection_bipartite","mark_recapture","Microtus_agrestis",6,"Mammalia","mammalia-voles-kcs-trapping-18","Geometric Graphs"
"mammalia-voles-kcs-trapping-20","No","Social_projection_bipartite","mark_recapture","Microtus_agrestis",6,"Mammalia","mammalia-voles-kcs-trapping-20","Scale-Free"
"mammalia-voles-kcs-trapping-21","No","Social_projection_bipartite","mark_recapture","Microtus_agrestis",6,"Mammalia","mammalia-voles-kcs-trapping-21","Geometric Graphs"
"mammalia-voles-kcs-trapping-22","No","Social_projection_bipartite","mark_recapture","Microtus_agrestis",6,"Mammalia","mammalia-voles-kcs-trapping-22","Geometric Graphs"
"mammalia-voles-kcs-trapping-23","No","Social_projection_bipartite","mark_recapture","Microtus_agrestis",6,"Mammalia","mammalia-voles-kcs-trapping-23","Geometric Graphs"
"mammalia-voles-kcs-trapping-24","No","Social_projection_bipartite","mark_recapture","Microtus_agrestis",6,"Mammalia","mammalia-voles-kcs-trapping-24","Geometric Graphs"
"mammalia-voles-kcs-trapping-25","No","Social_projection_bipartite","mark_recapture","Microtus_agrestis",6,"Mammalia","mammalia-voles-kcs-trapping-25","Small-World"
"mammalia-voles-kcs-trapping-26","No","Social_projection_bipartite","mark_recapture","Microtus_agrestis",6,"Mammalia","mammalia-voles-kcs-trapping-26","Geometric Graphs"
"mammalia-voles-kcs-trapping-27","No","Social_projection_bipartite","mark_recapture","Microtus_agrestis",6,"Mammalia","mammalia-voles-kcs-trapping-27","Geometric Graphs"
"mammalia-voles-kcs-trapping-28","No","Social_projection_bipartite","mark_recapture","Microtus_agrestis",6,"Mammalia","mammalia-voles-kcs-trapping-28","Geometric Graphs"
"mammalia-voles-kcs-trapping-29","No","Social_projection_bipartite","mark_recapture","Microtus_agrestis",6,"Mammalia","mammalia-voles-kcs-trapping-29","Geometric Graphs"
"mammalia-voles-kcs-trapping-30","No","Social_projection_bipartite","mark_recapture","Microtus_agrestis",6,"Mammalia","mammalia-voles-kcs-trapping-30","Scale-Free"
"mammalia-voles-kcs-trapping-32","No","Social_projection_bipartite","mark_recapture","Microtus_agrestis",6,"Mammalia","mammalia-voles-kcs-trapping-32","Scale-Free"
"mammalia-voles-kcs-trapping-37","No","Social_projection_bipartite","mark_recapture","Microtus_agrestis",6,"Mammalia","mammalia-voles-kcs-trapping-37","Scale-Free"
"mammalia-voles-kcs-trapping-46","No","Social_projection_bipartite","mark_recapture","Microtus_agrestis",6,"Mammalia","mammalia-voles-kcs-trapping-46","Scale-Free"
"mammalia-voles-kcs-trapping-47","No","Social_projection_bipartite","mark_recapture","Microtus_agrestis",6,"Mammalia","mammalia-voles-kcs-trapping-47","Small-World"
"mammalia-voles-kcs-trapping-48","No","Social_projection_bipartite","mark_recapture","Microtus_agrestis",6,"Mammalia","mammalia-voles-kcs-trapping-48","Geometric Graphs"
"mammalia-voles-kcs-trapping-49","No","Social_projection_bipartite","mark_recapture","Microtus_agrestis",6,"Mammalia","mammalia-voles-kcs-trapping-49","Geometric Graphs"
"mammalia-voles-kcs-trapping-50","No","Social_projection_bipartite","mark_recapture","Microtus_agrestis",6,"Mammalia","mammalia-voles-kcs-trapping-50","Geometric Graphs"
"mammalia-voles-kcs-trapping-51","No","Social_projection_bipartite","mark_recapture","Microtus_agrestis",6,"Mammalia","mammalia-voles-kcs-trapping-51","Scale-Free"
"mammalia-voles-kcs-trapping-55","No","Social_projection_bipartite","mark_recapture","Microtus_agrestis",6,"Mammalia","mammalia-voles-kcs-trapping-55","Geometric Graphs"
"mammalia-voles-kcs-trapping-56","No","Social_projection_bipartite","mark_recapture","Microtus_agrestis",6,"Mammalia","mammalia-voles-kcs-trapping-56","Scale-Free"
"mammalia-voles-kcs-trapping-57","No","Social_projection_bipartite","mark_recapture","Microtus_agrestis",6,"Mammalia","mammalia-voles-kcs-trapping-57","Scale-Free"
"mammalia-voles-kcs-trapping-59","No","Social_projection_bipartite","mark_recapture","Microtus_agrestis",6,"Mammalia","mammalia-voles-kcs-trapping-59","Geometric Graphs"
"mammalia-voles-kcs-trapping-60","No","Social_projection_bipartite","mark_recapture","Microtus_agrestis",6,"Mammalia","mammalia-voles-kcs-trapping-60","Scale-Free"
"mammalia-voles-kcs-trapping-61","No","Social_projection_bipartite","mark_recapture","Microtus_agrestis",6,"Mammalia","mammalia-voles-kcs-trapping-61","Small-World"
"mammalia-voles-kcs-trapping-63","No","Social_projection_bipartite","mark_recapture","Microtus_agrestis",6,"Mammalia","mammalia-voles-kcs-trapping-63","Erdos-Renyi"
"mammalia-voles-kcs-trapping","No","Social_projection_bipartite","mark_recapture","Microtus_agrestis",6,"Mammalia","mammalia-voles-kcs-trapping","Small-World"
"mammalia-voles-plj-trapping-03","No","Social_projection_bipartite","mark_recapture","Microtus_agrestis",6,"Mammalia","mammalia-voles-plj-trapping-03","Scale-Free"
"mammalia-voles-plj-trapping-04","No","Social_projection_bipartite","mark_recapture","Microtus_agrestis",6,"Mammalia","mammalia-voles-plj-trapping-04","Geometric Graphs"
"mammalia-voles-plj-trapping-05","No","Social_projection_bipartite","mark_recapture","Microtus_agrestis",6,"Mammalia","mammalia-voles-plj-trapping-05","Scale-Free"
"mammalia-voles-plj-trapping-06","No","Social_projection_bipartite","mark_recapture","Microtus_agrestis",6,"Mammalia","mammalia-voles-plj-trapping-06","Scale-Free"
"mammalia-voles-plj-trapping-07","No","Social_projection_bipartite","mark_recapture","Microtus_agrestis",6,"Mammalia","mammalia-voles-plj-trapping-07","Stochastic-Block-Model"
"mammalia-voles-plj-trapping-09","No","Social_projection_bipartite","mark_recapture","Microtus_agrestis",6,"Mammalia","mammalia-voles-plj-trapping-09","Scale-Free"
"mammalia-voles-plj-trapping-10","No","Social_projection_bipartite","mark_recapture","Microtus_agrestis",6,"Mammalia","mammalia-voles-plj-trapping-10","Stochastic-Block-Model"
"mammalia-voles-plj-trapping-15","No","Social_projection_bipartite","mark_recapture","Microtus_agrestis",6,"Mammalia","mammalia-voles-plj-trapping-15","Scale-Free"
"mammalia-voles-plj-trapping-17","No","Social_projection_bipartite","mark_recapture","Microtus_agrestis",6,"Mammalia","mammalia-voles-plj-trapping-17","Scale-Free"
"mammalia-voles-plj-trapping-18","No","Social_projection_bipartite","mark_recapture","Microtus_agrestis",6,"Mammalia","mammalia-voles-plj-trapping-18","Scale-Free"
"mammalia-voles-plj-trapping-20","No","Social_projection_bipartite","mark_recapture","Microtus_agrestis",6,"Mammalia","mammalia-voles-plj-trapping-20","Scale-Free"
"mammalia-voles-plj-trapping-21","No","Social_projection_bipartite","mark_recapture","Microtus_agrestis",6,"Mammalia","mammalia-voles-plj-trapping-21","Scale-Free"
"mammalia-voles-plj-trapping-22","No","Social_projection_bipartite","mark_recapture","Microtus_agrestis",6,"Mammalia","mammalia-voles-plj-trapping-22","Geometric Graphs"
"mammalia-voles-plj-trapping-23","No","Social_projection_bipartite","mark_recapture","Microtus_agrestis",6,"Mammalia","mammalia-voles-plj-trapping-23","Geometric Graphs"
"mammalia-voles-plj-trapping-24","No","Social_projection_bipartite","mark_recapture","Microtus_agrestis",6,"Mammalia","mammalia-voles-plj-trapping-24","Geometric Graphs"
"mammalia-voles-plj-trapping-25","No","Social_projection_bipartite","mark_recapture","Microtus_agrestis",6,"Mammalia","mammalia-voles-plj-trapping-25","Geometric Graphs"
"mammalia-voles-plj-trapping-26","No","Social_projection_bipartite","mark_recapture","Microtus_agrestis",6,"Mammalia","mammalia-voles-plj-trapping-26","Geometric Graphs"
"mammalia-voles-plj-trapping-27","No","Social_projection_bipartite","mark_recapture","Microtus_agrestis",6,"Mammalia","mammalia-voles-plj-trapping-27","Geometric Graphs"
"mammalia-voles-plj-trapping-28","No","Social_projection_bipartite","mark_recapture","Microtus_agrestis",6,"Mammalia","mammalia-voles-plj-trapping-28","Scale-Free"
"mammalia-voles-plj-trapping-31","No","Social_projection_bipartite","mark_recapture","Microtus_agrestis",6,"Mammalia","mammalia-voles-plj-trapping-31","Scale-Free"
"mammalia-voles-plj-trapping-45","No","Social_projection_bipartite","mark_recapture","Microtus_agrestis",6,"Mammalia","mammalia-voles-plj-trapping-45","Scale-Free"
"mammalia-voles-plj-trapping-46","No","Social_projection_bipartite","mark_recapture","Microtus_agrestis",6,"Mammalia","mammalia-voles-plj-trapping-46","Scale-Free"
"mammalia-voles-plj-trapping-47","No","Social_projection_bipartite","mark_recapture","Microtus_agrestis",6,"Mammalia","mammalia-voles-plj-trapping-47","Scale-Free"
"mammalia-voles-plj-trapping-48","No","Social_projection_bipartite","mark_recapture","Microtus_agrestis",6,"Mammalia","mammalia-voles-plj-trapping-48","Stochastic-Block-Model"
"mammalia-voles-plj-trapping-49","No","Social_projection_bipartite","mark_recapture","Microtus_agrestis",6,"Mammalia","mammalia-voles-plj-trapping-49","Scale-Free"
"mammalia-voles-plj-trapping-59","No","Social_projection_bipartite","mark_recapture","Microtus_agrestis",6,"Mammalia","mammalia-voles-plj-trapping-59","Geometric Graphs"
"mammalia-voles-plj-trapping-60","No","Social_projection_bipartite","mark_recapture","Microtus_agrestis",6,"Mammalia","mammalia-voles-plj-trapping-60","Scale-Free"
"mammalia-voles-plj-trapping-61","No","Social_projection_bipartite","mark_recapture","Microtus_agrestis",6,"Mammalia","mammalia-voles-plj-trapping-61","Scale-Free"
"mammalia-voles-plj-trapping","No","Social_projection_bipartite","mark_recapture","Microtus_agrestis",6,"Mammalia","mammalia-voles-plj-trapping","Small-World"
"mammalia-voles-rob-trapping-02","No","Social_projection_bipartite","mark_recapture","Microtus_agrestis",6,"Mammalia","mammalia-voles-rob-trapping-02","Scale-Free"
"mammalia-voles-rob-trapping-03","No","Social_projection_bipartite","mark_recapture","Microtus_agrestis",6,"Mammalia","mammalia-voles-rob-trapping-03","Scale-Free"
"mammalia-voles-rob-trapping-04","No","Social_projection_bipartite","mark_recapture","Microtus_agrestis",6,"Mammalia","mammalia-voles-rob-trapping-04","Scale-Free"
"mammalia-voles-rob-trapping-05","No","Social_projection_bipartite","mark_recapture","Microtus_agrestis",6,"Mammalia","mammalia-voles-rob-trapping-05","Scale-Free"
"mammalia-voles-rob-trapping-06","No","Social_projection_bipartite","mark_recapture","Microtus_agrestis",6,"Mammalia","mammalia-voles-rob-trapping-06","Geometric Graphs"
"mammalia-voles-rob-trapping-07","No","Social_projection_bipartite","mark_recapture","Microtus_agrestis",6,"Mammalia","mammalia-voles-rob-trapping-07","Scale-Free"
"mammalia-voles-rob-trapping-10","No","Social_projection_bipartite","mark_recapture","Microtus_agrestis",6,"Mammalia","mammalia-voles-rob-trapping-10","Small-World"
"mammalia-voles-rob-trapping-11","No","Social_projection_bipartite","mark_recapture","Microtus_agrestis",6,"Mammalia","mammalia-voles-rob-trapping-11","Geometric Graphs"
"mammalia-voles-rob-trapping-12","No","Social_projection_bipartite","mark_recapture","Microtus_agrestis",6,"Mammalia","mammalia-voles-rob-trapping-12","Small-World"
"mammalia-voles-rob-trapping-13","No","Social_projection_bipartite","mark_recapture","Microtus_agrestis",6,"Mammalia","mammalia-voles-rob-trapping-13","Geometric Graphs"
"mammalia-voles-rob-trapping-14","No","Social_projection_bipartite","mark_recapture","Microtus_agrestis",6,"Mammalia","mammalia-voles-rob-trapping-14","Geometric Graphs"
"mammalia-voles-rob-trapping-16","No","Social_projection_bipartite","mark_recapture","Microtus_agrestis",6,"Mammalia","mammalia-voles-rob-trapping-16","Stochastic-Block-Model"
"mammalia-voles-rob-trapping-17","No","Social_projection_bipartite","mark_recapture","Microtus_agrestis",6,"Mammalia","mammalia-voles-rob-trapping-17","Geometric Graphs"
"mammalia-voles-rob-trapping-18","No","Social_projection_bipartite","mark_recapture","Microtus_agrestis",6,"Mammalia","mammalia-voles-rob-trapping-18","Geometric Graphs"
"mammalia-voles-rob-trapping-20","No","Social_projection_bipartite","mark_recapture","Microtus_agrestis",6,"Mammalia","mammalia-voles-rob-trapping-20","Small-World"
"mammalia-voles-rob-trapping-21","No","Social_projection_bipartite","mark_recapture","Microtus_agrestis",6,"Mammalia","mammalia-voles-rob-trapping-21","Scale-Free"
"mammalia-voles-rob-trapping-22","No","Social_projection_bipartite","mark_recapture","Microtus_agrestis",6,"Mammalia","mammalia-voles-rob-trapping-22","Geometric Graphs"
"mammalia-voles-rob-trapping-23","No","Social_projection_bipartite","mark_recapture","Microtus_agrestis",6,"Mammalia","mammalia-voles-rob-trapping-23","Geometric Graphs"
"mammalia-voles-rob-trapping-24","No","Social_projection_bipartite","mark_recapture","Microtus_agrestis",6,"Mammalia","mammalia-voles-rob-trapping-24","Scale-Free"
"mammalia-voles-rob-trapping-25","No","Social_projection_bipartite","mark_recapture","Microtus_agrestis",6,"Mammalia","mammalia-voles-rob-trapping-25","Geometric Graphs"
"mammalia-voles-rob-trapping-27","No","Social_projection_bipartite","mark_recapture","Microtus_agrestis",6,"Mammalia","mammalia-voles-rob-trapping-27","Scale-Free"
"mammalia-voles-rob-trapping-28","No","Social_projection_bipartite","mark_recapture","Microtus_agrestis",6,"Mammalia","mammalia-voles-rob-trapping-28","Small-World"
"mammalia-voles-rob-trapping-29","No","Social_projection_bipartite","mark_recapture","Microtus_agrestis",6,"Mammalia","mammalia-voles-rob-trapping-29","Scale-Free"
"mammalia-voles-rob-trapping-30","No","Social_projection_bipartite","mark_recapture","Microtus_agrestis",6,"Mammalia","mammalia-voles-rob-trapping-30","Geometric Graphs"
"mammalia-voles-rob-trapping-31","No","Social_projection_bipartite","mark_recapture","Microtus_agrestis",6,"Mammalia","mammalia-voles-rob-trapping-31","Scale-Free"
"mammalia-voles-rob-trapping-45","No","Social_projection_bipartite","mark_recapture","Microtus_agrestis",6,"Mammalia","mammalia-voles-rob-trapping-45","Geometric Graphs"
"mammalia-voles-rob-trapping-46","No","Social_projection_bipartite","mark_recapture","Microtus_agrestis",6,"Mammalia","mammalia-voles-rob-trapping-46","Geometric Graphs"
"mammalia-voles-rob-trapping-47","No","Social_projection_bipartite","mark_recapture","Microtus_agrestis",6,"Mammalia","mammalia-voles-rob-trapping-47","Geometric Graphs"
"mammalia-voles-rob-trapping-48","No","Social_projection_bipartite","mark_recapture","Microtus_agrestis",6,"Mammalia","mammalia-voles-rob-trapping-48","Scale-Free"
"mammalia-voles-rob-trapping-49","No","Social_projection_bipartite","mark_recapture","Microtus_agrestis",6,"Mammalia","mammalia-voles-rob-trapping-49","Geometric Graphs"
"mammalia-voles-rob-trapping-50","No","Social_projection_bipartite","mark_recapture","Microtus_agrestis",6,"Mammalia","mammalia-voles-rob-trapping-50","Geometric Graphs"
"mammalia-voles-rob-trapping-52","No","Social_projection_bipartite","mark_recapture","Microtus_agrestis",6,"Mammalia","mammalia-voles-rob-trapping-52","Geometric Graphs"
"mammalia-voles-rob-trapping-57","No","Social_projection_bipartite","mark_recapture","Microtus_agrestis",6,"Mammalia","mammalia-voles-rob-trapping-57","Scale-Free"
"mammalia-voles-rob-trapping-58","No","Social_projection_bipartite","mark_recapture","Microtus_agrestis",6,"Mammalia","mammalia-voles-rob-trapping-58","Scale-Free"
"mammalia-voles-rob-trapping-59","No","Social_projection_bipartite","mark_recapture","Microtus_agrestis",6,"Mammalia","mammalia-voles-rob-trapping-59","Scale-Free"
"mammalia-voles-rob-trapping-60","No","Social_projection_bipartite","mark_recapture","Microtus_agrestis",6,"Mammalia","mammalia-voles-rob-trapping-60","Small-World"
"mammalia-voles-rob-trapping-61","No","Social_projection_bipartite","mark_recapture","Microtus_agrestis",6,"Mammalia","mammalia-voles-rob-trapping-61","Small-World"
"mammalia-voles-rob-trapping-62","No","Social_projection_bipartite","mark_recapture","Microtus_agrestis",6,"Mammalia","mammalia-voles-rob-trapping-62","Stochastic-Block-Model"
"mammalia-voles-rob-trapping-63","No","Social_projection_bipartite","mark_recapture","Microtus_agrestis",6,"Mammalia","mammalia-voles-rob-trapping-63","Stochastic-Block-Model"
"mammalia-voles-rob-trapping","No","Social_projection_bipartite","mark_recapture","Microtus_agrestis",6,"Mammalia","mammalia-voles-rob-trapping","Small-World"
"mammalia-zebra-interaction","No","Group_membership","survey_scan","Equus_grevyi",90,"Mammalia","mammalia-zebra-interaction","Geometric Graphs"
"reptilia-lizard-network-social","No","Spatial_proximity","logger","Tiliqua rugosa",120,"Reptilia","reptilia-lizard-network-social","Geometric Graphs"
"reptilia-tortoise-network-bsv-1997","No","Social_projection_bipartite","RFID","Gopherus_agassizii",284,"Reptilia","reptilia-tortoise-network-bsv-1997","Geometric Graphs"
"reptilia-tortoise-network-bsv-1998","No","Social_projection_bipartite","RFID","Gopherus_agassizii",284,"Reptilia","reptilia-tortoise-network-bsv-1998","Geometric Graphs"
"reptilia-tortoise-network-bsv-1999","No","Social_projection_bipartite","RFID","Gopherus_agassizii",284,"Reptilia","reptilia-tortoise-network-bsv-1999","Geometric Graphs"
"reptilia-tortoise-network-bsv","No","Social_projection_bipartite","RFID","Gopherus_agassizii",284,"Reptilia","reptilia-tortoise-network-bsv","Geometric Graphs"
"reptilia-tortoise-network-cs-2007","No","Social_projection_bipartite","RFID","Gopherus_agassizii",284,"Reptilia","reptilia-tortoise-network-cs-2007","Scale-Free"
"reptilia-tortoise-network-cs-2008","No","Social_projection_bipartite","RFID","Gopherus_agassizii",284,"Reptilia","reptilia-tortoise-network-cs-2008","Geometric Graphs"
"reptilia-tortoise-network-cs-2010","No","Social_projection_bipartite","RFID","Gopherus_agassizii",284,"Reptilia","reptilia-tortoise-network-cs-2010","Scale-Free"
"reptilia-tortoise-network-cs","No","Social_projection_bipartite","RFID","Gopherus_agassizii",284,"Reptilia","reptilia-tortoise-network-cs","Scale-Free"
"reptilia-tortoise-network-fi-2008","No","Social_projection_bipartite","RFID","Gopherus_agassizii",284,"Reptilia","reptilia-tortoise-network-fi-2008","Geometric Graphs"
"reptilia-tortoise-network-fi-2009","No","Social_projection_bipartite","RFID","Gopherus_agassizii",284,"Reptilia","reptilia-tortoise-network-fi-2009","Scale-Free"
"reptilia-tortoise-network-fi-2010","No","Social_projection_bipartite","RFID","Gopherus_agassizii",284,"Reptilia","reptilia-tortoise-network-fi-2010","Scale-Free"
"reptilia-tortoise-network-fi-2011","No","Social_projection_bipartite","RFID","Gopherus_agassizii",284,"Reptilia","reptilia-tortoise-network-fi-2011","Small-World"
"reptilia-tortoise-network-fi-2012","No","Social_projection_bipartite","RFID","Gopherus_agassizii",284,"Reptilia","reptilia-tortoise-network-fi-2012","Scale-Free"
"reptilia-tortoise-network-fi-2013","No","Social_projection_bipartite","RFID","Gopherus_agassizii",284,"Reptilia","reptilia-tortoise-network-fi-2013","Geometric Graphs"
"reptilia-tortoise-network-fi","No","Social_projection_bipartite","RFID","Gopherus_agassizii",284,"Reptilia","reptilia-tortoise-network-fi","Geometric Graphs"
"reptilia-tortoise-network-lm-1998","No","Social_projection_bipartite","RFID","Gopherus_agassizii",284,"Reptilia","reptilia-tortoise-network-lm-1998","Scale-Free"
"reptilia-tortoise-network-lm-1999","No","Social_projection_bipartite","RFID","Gopherus_agassizii",284,"Reptilia","reptilia-tortoise-network-lm-1999","Scale-Free"
"reptilia-tortoise-network-lm","No","Social_projection_bipartite","RFID","Gopherus_agassizii",284,"Reptilia","reptilia-tortoise-network-lm","Scale-Free"
"reptilia-tortoise-network-mc","No","Social_projection_bipartite","RFID","Gopherus_agassizii",284,"Reptilia","reptilia-tortoise-network-mc","Scale-Free"
"reptilia-tortoise-network-pv-2012","No","Social_projection_bipartite","RFID","Gopherus_agassizii",284,"Reptilia","reptilia-tortoise-network-pv-2012","Scale-Free"
"reptilia-tortoise-network-pv","No","Social_projection_bipartite","RFID","Gopherus_agassizii",284,"Reptilia","reptilia-tortoise-network-pv","Scale-Free"
"reptilia-tortoise-network-sg-1999","No","Social_projection_bipartite","RFID","Gopherus_agassizii",284,"Reptilia","reptilia-tortoise-network-sg-1999","Geometric Graphs"
"reptilia-tortoise-network-sg","No","Social_projection_bipartite","RFID","Gopherus_agassizii",284,"Reptilia","reptilia-tortoise-network-sg","Geometric Graphs"
